,DATE,UNRATENSA,UNRATE_WOMEN,UNRATE_MEN,UNRATE_AA,UNRATE_LATINO,UNRATE_WHITE,UNRATE_ASIAN,UNRATE_AGR,UNRATE_CNSTRCT,UNRATE_LSR_HSPT,UNRATE_MNFCT,UNRATE_ED_HLTH_SVCES,UNRATE_FARM_FISH_FOREST,UNRATE_FIN,UNRATE_INFO,UNRATE_MGMT_FIN_OPS,UNRATE_MINING_ETC,UNRATE_NATRES_MAINT,UNRATE_OFFICE_ADMIN,UNRATE_PRO,UNRATE_PRO_BUS,UNRATE_PROD,UNRATE_SALES,UNRATE_SELF,UNRATE_SVCE,UNRATE_TRANSP_UTIL,UNRATE_WHLSL_RTL
0,1948-01-01,4.0,3.5,4.2,,,,,,,,,,,,,,,,,,,,,,,,
1,1948-02-01,4.7,4.8,4.7,,,,,,,,,,,,,,,,,,,,,,,,
2,1948-03-01,4.5,4.4,4.5,,,,,,,,,,,,,,,,,,,,,,,,
3,1948-04-01,4.0,4.1,4.0,,,,,,,,,,,,,,,,,,,,,,,,
4,1948-05-01,3.4,3.4,3.3,,,,,,,,,,,,,,,,,,,,,,,,
5,1948-06-01,3.9,5.0,3.4,,,,,,,,,,,,,,,,,,,,,,,,
6,1948-07-01,3.9,4.8,3.5,,,,,,,,,,,,,,,,,,,,,,,,
7,1948-08-01,3.6,4.5,3.3,,,,,,,,,,,,,,,,,,,,,,,,
8,1948-09-01,3.4,4.0,3.1,,,,,,,,,,,,,,,,,,,,,,,,
9,1948-10-01,2.9,3.4,2.6,,,,,,,,,,,,,,,,,,,,,,,,
10,1948-11-01,3.3,3.8,3.1,,,,,,,,,,,,,,,,,,,,,,,,
11,1948-12-01,3.6,3.7,3.6,,,,,,,,,,,,,,,,,,,,,,,,
12,1949-01-01,5.0,4.6,5.2,,,,,,,,,,,,,,,,,,,,,,,,
13,1949-02-01,5.8,5.2,6.0,,,,,,,,,,,,,,,,,,,,,,,,
14,1949-03-01,5.6,4.7,6.0,,,,,,,,,,,,,,,,,,,,,,,,
15,1949-04-01,5.4,5.3,5.5,,,,,,,,,,,,,,,,,,,,,,,,
16,1949-05-01,5.7,5.7,5.8,,,,,,,,,,,,,,,,,,,,,,,,
17,1949-06-01,6.4,6.9,6.2,,,,,,,,,,,,,,,,,,,,,,,,
18,1949-07-01,7.0,7.5,6.8,,,,,,,,,,,,,,,,,,,,,,,,
19,1949-08-01,6.3,6.9,6.1,,,,,,,,,,,,,,,,,,,,,,,,
20,1949-09-01,5.9,6.7,5.5,,,,,,,,,,,,,,,,,,,,,,,,
21,1949-10-01,6.1,5.9,6.2,,,,,,,,,,,,,,,,,,,,,,,,
22,1949-11-01,5.7,6.2,5.5,,,,,,,,,,,,,,,,,,,,,,,,
23,1949-12-01,6.0,5.9,6.1,,,,,,,,,,,,,,,,,,,,,,,,
24,1950-01-01,7.6,7.3,7.8,,,,,,,,,,,,,,,,,,,,,,,,
25,1950-02-01,7.9,7.4,8.1,,,,,,,,,,,,,,,,,,,,,,,,
26,1950-03-01,7.1,6.7,7.2,,,,,,,,,,,,,,,,,,,,,,,,
27,1950-04-01,6.0,5.3,6.2,,,,,,,,,,,,,,,,,,,,,,,,
28,1950-05-01,5.3,5.5,5.2,,,,,,,,,,,,,,,,,,,,,,,,
29,1950-06-01,5.6,6.7,5.1,,,,,,,,,,,,,,,,,,,,,,,,
30,1950-07-01,5.3,6.2,4.9,,,,,,,,,,,,,,,,,,,,,,,,
31,1950-08-01,4.1,4.8,3.8,,,,,,,,,,,,,,,,,,,,,,,,
32,1950-09-01,4.0,5.0,3.5,,,,,,,,,,,,,,,,,,,,,,,,
33,1950-10-01,3.3,4.2,2.9,,,,,,,,,,,,,,,,,,,,,,,,
34,1950-11-01,3.8,5.2,3.1,,,,,,,,,,,,,,,,,,,,,,,,
35,1950-12-01,3.9,4.5,3.6,,,,,,,,,,,,,,,,,,,,,,,,
36,1951-01-01,4.4,5.0,4.1,,,,,,,,,,,,,,,,,,,,,,,,
37,1951-02-01,4.2,4.8,3.9,,,,,,,,,,,,,,,,,,,,,,,,
38,1951-03-01,3.8,5.0,3.2,,,,,,,,,,,,,,,,,,,,,,,,
39,1951-04-01,3.2,4.3,2.7,,,,,,,,,,,,,,,,,,,,,,,,
40,1951-05-01,2.9,4.0,2.3,,,,,,,,,,,,,,,,,,,,,,,,
41,1951-06-01,3.4,4.8,2.8,,,,,,,,,,,,,,,,,,,,,,,,
42,1951-07-01,3.3,4.3,2.8,,,,,,,,,,,,,,,,,,,,,,,,
43,1951-08-01,2.9,3.9,2.4,,,,,,,,,,,,,,,,,,,,,,,,
44,1951-09-01,3.0,4.5,2.4,,,,,,,,,,,,,,,,,,,,,,,,
45,1951-10-01,2.8,3.9,2.3,,,,,,,,,,,,,,,,,,,,,,,,
46,1951-11-01,3.2,4.5,2.6,,,,,,,,,,,,,,,,,,,,,,,,
47,1951-12-01,2.9,3.7,2.5,,,,,,,,,,,,,,,,,,,,,,,,
48,1952-01-01,3.7,4.2,3.5,,,,,,,,,,,,,,,,,,,,,,,,
49,1952-02-01,3.8,4.2,3.7,,,,,,,,,,,,,,,,,,,,,,,,
50,1952-03-01,3.3,3.5,3.2,,,,,,,,,,,,,,,,,,,,,,,,
51,1952-04-01,3.0,3.5,2.8,,,,,,,,,,,,,,,,,,,,,,,,
52,1952-05-01,2.9,3.8,2.5,,,,,,,,,,,,,,,,,,,,,,,,
53,1952-06-01,3.2,4.0,2.9,,,,,,,,,,,,,,,,,,,,,,,,
54,1952-07-01,3.3,4.0,3.0,,,,,,,,,,,,,,,,,,,,,,,,
55,1952-08-01,3.1,3.8,2.7,,,,,,,,,,,,,,,,,,,,,,,,
56,1952-09-01,2.7,3.3,2.5,,,,,,,,,,,,,,,,,,,,,,,,
57,1952-10-01,2.4,3.3,1.9,,,,,,,,,,,,,,,,,,,,,,,,
58,1952-11-01,2.5,3.4,2.1,,,,,,,,,,,,,,,,,,,,,,,,
59,1952-12-01,2.5,2.7,2.4,,,,,,,,,,,,,,,,,,,,,,,,
60,1953-01-01,3.4,3.3,3.5,,,,,,,,,,,,,,,,,,,,,,,,
61,1953-02-01,3.2,3.2,3.2,,,,,,,,,,,,,,,,,,,,,,,,
62,1953-03-01,2.9,3.3,2.8,,,,,,,,,,,,,,,,,,,,,,,,
63,1953-04-01,2.8,2.9,2.8,,,,,,,,,,,,,,,,,,,,,,,,
64,1953-05-01,2.5,2.6,2.4,,,,,,,,,,,,,,,,,,,,,,,,
65,1953-06-01,2.7,3.2,2.5,,,,,,,,,,,,,,,,,,,,,,,,
66,1953-07-01,2.7,3.0,2.5,,,,,,,,,,,,,,,,,,,,,,,,
67,1953-08-01,2.4,2.9,2.1,,,,,,,,,,,,,,,,,,,,,,,,
68,1953-09-01,2.6,3.4,2.2,,,,,,,,,,,,,,,,,,,,,,,,
69,1953-10-01,2.5,3.1,2.2,,,,,,,,,,,,,,,,,,,,,,,,
70,1953-11-01,3.2,3.8,2.9,,,,,,,,,,,,,,,,,,,,,,,,
71,1953-12-01,4.2,4.5,4.1,,,,,,,,,,,,,,,,,,,,,,,,
72,1954-01-01,5.7,6.4,5.4,,,5.3,,,,,,,,,,,,,,,,,,,,,
73,1954-02-01,6.3,6.3,6.3,,,5.7,,,,,,,,,,,,,,,,,,,,,
74,1954-03-01,6.4,6.5,6.3,,,5.8,,,,,,,,,,,,,,,,,,,,,
75,1954-04-01,6.1,6.3,5.9,,,5.7,,,,,,,,,,,,,,,,,,,,,
76,1954-05-01,5.7,6.3,5.5,,,5.2,,,,,,,,,,,,,,,,,,,,,
77,1954-06-01,5.7,6.7,5.3,,,5.2,,,,,,,,,,,,,,,,,,,,,
78,1954-07-01,5.7,6.4,5.5,,,5.1,,,,,,,,,,,,,,,,,,,,,
79,1954-08-01,5.4,6.2,5.1,,,4.9,,,,,,,,,,,,,,,,,,,,,
80,1954-09-01,5.3,6.3,4.9,,,4.9,,,,,,,,,,,,,,,,,,,,,
81,1954-10-01,4.6,5.0,4.4,,,4.1,,,,,,,,,,,,,,,,,,,,,
82,1954-11-01,4.9,5.6,4.5,,,4.3,,,,,,,,,,,,,,,,,,,,,
83,1954-12-01,4.8,4.6,4.9,,,4.2,,,,,,,,,,,,,,,,,,,,,
84,1955-01-01,5.8,5.7,5.9,,,5.3,,,,,,,,,,,,,,,,,,,,,
85,1955-02-01,5.7,5.3,5.8,,,4.9,,,,,,,,,,,,,,,,,,,,,
86,1955-03-01,5.2,4.8,5.4,,,4.7,,,,,,,,,,,,,,,,,,,,,
87,1955-04-01,4.9,4.7,5.1,,,4.4,,,,,,,,,,,,,,,,,,,,,
88,1955-05-01,4.2,4.8,3.9,,,3.7,,,,,,,,,,,,,,,,,,,,,
89,1955-06-01,4.4,5.2,4.0,,,4.0,,,,,,,,,,,,,,,,,,,,,
90,1955-07-01,4.0,4.7,3.7,,,3.6,,,,,,,,,,,,,,,,,,,,,
91,1955-08-01,3.8,4.9,3.3,,,3.2,,,,,,,,,,,,,,,,,,,,,
92,1955-09-01,3.5,4.8,2.9,,,3.1,,,,,,,,,,,,,,,,,,,,,
93,1955-10-01,3.4,4.4,3.0,,,3.0,,,,,,,,,,,,,,,,,,,,,
94,1955-11-01,3.8,4.9,3.3,,,3.3,,,,,,,,,,,,,,,,,,,,,
95,1955-12-01,3.9,4.3,3.8,,,3.5,,,,,,,,,,,,,,,,,,,,,
96,1956-01-01,4.7,4.9,4.6,,,4.1,,,,,,,,,,,,,,,,,,,,,
97,1956-02-01,4.8,4.6,4.9,,,4.3,,,,,,,,,,,,,,,,,,,,,
98,1956-03-01,4.7,5.1,4.6,,,4.3,,,,,,,,,,,,,,,,,,,,,
99,1956-04-01,4.1,4.7,3.9,,,3.7,,,,,,,,,,,,,,,,,,,,,
100,1956-05-01,4.2,5.0,3.8,,,3.7,,,,,,,,,,,,,,,,,,,,,
101,1956-06-01,4.7,6.0,4.1,,,4.1,,,,,,,,,,,,,,,,,,,,,
102,1956-07-01,4.4,5.9,3.7,,,3.8,,,,,,,,,,,,,,,,,,,,,
103,1956-08-01,3.7,4.8,3.1,,,3.0,,,,,,,,,,,,,,,,,,,,,
104,1956-09-01,3.4,4.4,2.9,,,2.9,,,,,,,,,,,,,,,,,,,,,
105,1956-10-01,3.1,4.0,2.7,,,2.7,,,,,,,,,,,,,,,,,,,,,
106,1956-11-01,3.9,4.8,3.4,,,3.4,,,,,,,,,,,,,,,,,,,,,
107,1956-12-01,4.0,4.1,4.0,,,3.6,,,,,,,,,,,,,,,,,,,,,
108,1957-01-01,4.9,5.2,4.8,,,4.4,,,,,,,,,,,,,,,,,,,,,
109,1957-02-01,4.7,4.8,4.7,,,4.2,,,,,,,,,,,,,,,,,,,,,
110,1957-03-01,4.3,4.3,4.3,,,3.9,,,,,,,,,,,,,,,,,,,,,
111,1957-04-01,4.0,4.0,3.9,,,3.6,,,,,,,,,,,,,,,,,,,,,
112,1957-05-01,3.9,4.7,3.6,,,3.5,,,,,,,,,,,,,,,,,,,,,
113,1957-06-01,4.6,5.6,4.1,,,4.1,,,,,,,,,,,,,,,,,,,,,
114,1957-07-01,4.1,5.1,3.7,,,3.7,,,,,,,,,,,,,,,,,,,,,
115,1957-08-01,3.7,4.6,3.3,,,3.3,,,,,,,,,,,,,,,,,,,,,
116,1957-09-01,3.7,4.4,3.4,,,3.3,,,,,,,,,,,,,,,,,,,,,
117,1957-10-01,3.6,4.0,3.5,,,3.3,,,,,,,,,,,,,,,,,,,,,
118,1957-11-01,4.6,5.1,4.4,,,4.2,,,,,,,,,,,,,,,,,,,,,
119,1957-12-01,5.0,4.4,5.3,,,4.5,,,,,,,,,,,,,,,,,,,,,
120,1958-01-01,6.8,6.3,7.0,,,6.1,,,,,,,,,,,,,,,,,,,,,
121,1958-02-01,7.7,7.1,8.0,,,6.8,,,,,,,,,,,,,,,,,,,,,
122,1958-03-01,7.7,6.7,8.2,,,6.9,,,,,,,,,,,,,,,,,,,,,
123,1958-04-01,7.5,7.3,7.6,,,6.8,,,,,,,,,,,,,,,,,,,,,
124,1958-05-01,7.1,7.2,7.1,,,6.4,,,,,,,,,,,,,,,,,,,,,
125,1958-06-01,7.6,8.2,7.3,,,6.9,,,,,,,,,,,,,,,,,,,,,
126,1958-07-01,7.4,7.8,7.2,,,6.6,,,,,,,,,,,,,,,,,,,,,
127,1958-08-01,6.7,7.2,6.5,,,6.0,,,,,,,,,,,,,,,,,,,,,
128,1958-09-01,6.0,6.7,5.7,,,5.4,,,,,,,,,,,,,,,,,,,,,
129,1958-10-01,5.5,5.9,5.3,,,5.0,,,,,,,,,,,,,,,,,,,,,
130,1958-11-01,5.6,5.9,5.5,,,5.0,,,,,,,,,,,,,,,,,,,,,
131,1958-12-01,6.0,5.4,6.4,,,5.3,,,,,,,,,,,,,,,,,,,,,
132,1959-01-01,7.0,6.6,7.2,,,6.2,,,,,,,,,,,,,,,,,,,,,
133,1959-02-01,7.0,6.4,7.3,,,6.2,,,,,,,,,,,,,,,,,,,,,
134,1959-03-01,6.4,6.2,6.5,,,5.6,,,,,,,,,,,,,,,,,,,,,
135,1959-04-01,5.2,5.8,5.0,,,4.7,,,,,,,,,,,,,,,,,,,,,
136,1959-05-01,4.9,5.7,4.5,,,4.3,,,,,,,,,,,,,,,,,,,,,
137,1959-06-01,5.4,6.6,4.8,,,4.8,,,,,,,,,,,,,,,,,,,,,
138,1959-07-01,5.2,6.1,4.7,,,4.5,,,,,,,,,,,,,,,,,,,,,
139,1959-08-01,4.8,5.6,4.5,,,4.1,,,,,,,,,,,,,,,,,,,,,
140,1959-09-01,4.7,5.3,4.3,,,4.2,,,,,,,,,,,,,,,,,,,,,
141,1959-10-01,4.7,5.4,4.3,,,4.1,,,,,,,,,,,,,,,,,,,,,
142,1959-11-01,5.3,5.7,5.1,,,4.8,,,,,,,,,,,,,,,,,,,,,
143,1959-12-01,5.1,5.1,5.2,,,4.5,,,,,,,,,,,,,,,,,,,,,
144,1960-01-01,6.1,6.0,6.1,,,5.4,,,,,,,,,,,,,,,,,,,,,
145,1960-02-01,5.7,5.6,5.8,,,5.1,,,,,,,,,,,,,,,,,,,,,
146,1960-03-01,6.1,5.8,6.3,,,5.4,,,,,,,,,,,,,,,,,,,,,
147,1960-04-01,5.2,5.3,5.2,,,4.6,,,,,,,,,,,,,,,,,,,,,
148,1960-05-01,4.8,5.3,4.6,,,4.3,,,,,,,,,,,,,,,,,,,,,
149,1960-06-01,5.8,6.8,5.3,,,5.3,,,,,,,,,,,,,,,,,,,,,
150,1960-07-01,5.5,6.2,5.1,,,4.8,,,,,,,,,,,,,,,,,,,,,
151,1960-08-01,5.2,5.8,5.0,,,4.7,,,,,,,,,,,,,,,,,,,,,
152,1960-09-01,4.7,5.4,4.4,,,4.4,,,,,,,,,,,,,,,,,,,,,
153,1960-10-01,5.0,5.7,4.7,,,4.6,,,,,,,,,,,,,,,,,,,,,
154,1960-11-01,5.6,6.3,5.3,,,5.0,,,,,,,,,,,,,,,,,,,,,
155,1960-12-01,6.4,6.1,6.6,,,5.7,,,,,,,,,,,,,,,,,,,,,
156,1961-01-01,7.7,7.2,8.0,,,7.0,,,,,,,,,,,,,,,,,,,,,
157,1961-02-01,8.1,7.7,8.3,,,7.3,,,,,,,,,,,,,,,,,,,,,
158,1961-03-01,7.7,7.4,7.9,,,7.0,,,,,,,,,,,,,,,,,,,,,
159,1961-04-01,7.0,7.1,6.9,,,6.3,,,,,,,,,,,,,,,,,,,,,
160,1961-05-01,6.6,7.1,6.4,,,5.9,,,,,,,,,,,,,,,,,,,,,
161,1961-06-01,7.3,8.8,6.6,,,6.6,,,,,,,,,,,,,,,,,,,,,
162,1961-07-01,6.9,8.2,6.2,,,6.2,,,,,,,,,,,,,,,,,,,,,
163,1961-08-01,6.2,7.1,5.8,,,5.4,,,,,,,,,,,,,,,,,,,,,
164,1961-09-01,5.8,7.1,5.1,,,5.1,,,,,,,,,,,,,,,,,,,,,
165,1961-10-01,5.5,6.6,4.9,,,4.9,,,,,,,,,,,,,,,,,,,,,
166,1961-11-01,5.6,6.5,5.2,,,5.0,,,,,,,,,,,,,,,,,,,,,
167,1961-12-01,5.8,5.5,5.9,,,5.1,,,,,,,,,,,,,,,,,,,,,
168,1962-01-01,6.7,7.0,6.6,,,5.9,,,,,,,,,,,,,,,,,,,,,
169,1962-02-01,6.5,6.4,6.5,,,5.7,,,,,,,,,,,,,,,,,,,,,
170,1962-03-01,6.2,6.2,6.2,,,5.4,,,,,,,,,,,,,,,,,,,,,
171,1962-04-01,5.5,5.9,5.4,,,4.7,,,,,,,,,,,,,,,,,,,,,
172,1962-05-01,5.1,5.7,4.8,,,4.5,,,,,,,,,,,,,,,,,,,,,
173,1962-06-01,5.9,6.9,5.3,,,5.2,,,,,,,,,,,,,,,,,,,,,
174,1962-07-01,5.3,6.5,4.8,,,4.6,,,,,,,,,,,,,,,,,,,,,
175,1962-08-01,5.3,6.5,4.8,,,4.6,,,,,,,,,,,,,,,,,,,,,
176,1962-09-01,4.9,6.1,4.2,,,4.4,,,,,,,,,,,,,,,,,,,,,
177,1962-10-01,4.5,5.7,4.0,,,4.1,,,,,,,,,,,,,,,,,,,,,
178,1962-11-01,5.3,6.2,4.8,,,4.7,,,,,,,,,,,,,,,,,,,,,
179,1962-12-01,5.3,5.3,5.4,,,4.6,,,,,,,,,,,,,,,,,,,,,
180,1963-01-01,6.6,6.7,6.6,,,5.9,,,,,,,,,,,,,,,,,,,,,
181,1963-02-01,6.9,6.7,7.0,,,6.1,,,,,,,,,,,,,,,,,,,,,
182,1963-03-01,6.3,6.1,6.4,,,5.6,,,,,,,,,,,,,,,,,,,,,
183,1963-04-01,5.6,5.9,5.5,,,5.1,,,,,,,,,,,,,,,,,,,,,
184,1963-05-01,5.5,6.4,5.0,,,4.9,,,,,,,,,,,,,,,,,,,,,
185,1963-06-01,6.2,7.9,5.3,,,5.5,,,,,,,,,,,,,,,,,,,,,
186,1963-07-01,5.6,7.0,4.9,,,5.0,,,,,,,,,,,,,,,,,,,,,
187,1963-08-01,5.2,6.5,4.5,,,4.5,,,,,,,,,,,,,,,,,,,,,
188,1963-09-01,4.8,6.4,4.0,,,4.3,,,,,,,,,,,,,,,,,,,,,
189,1963-10-01,4.7,6.1,3.9,,,4.1,,,,,,,,,,,,,,,,,,,,,
190,1963-11-01,5.3,6.5,4.7,,,4.7,,,,,,,,,,,,,,,,,,,,,
191,1963-12-01,5.3,5.4,5.2,,,4.7,,,,,,,,,,,,,,,,,,,,,
192,1964-01-01,6.4,6.8,6.1,,,5.7,,,,,,,,,,,,,,,,,,,,,
193,1964-02-01,6.2,6.8,5.9,,,5.6,,,,,,,,,,,,,,,,,,,,,
194,1964-03-01,5.9,6.4,5.6,,,5.3,,,,,,,,,,,,,,,,,,,,,
195,1964-04-01,5.3,6.1,4.8,,,4.7,,,,,,,,,,,,,,,,,,,,,
196,1964-05-01,4.8,6.0,4.2,,,4.3,,,,,,,,,,,,,,,,,,,,,
197,1964-06-01,5.9,7.6,5.1,,,5.4,,,,,,,,,,,,,,,,,,,,,
198,1964-07-01,4.9,6.3,4.2,,,4.2,,,,,,,,,,,,,,,,,,,,,
199,1964-08-01,4.8,6.2,4.1,,,4.1,,,,,,,,,,,,,,,,,,,,,
200,1964-09-01,4.5,5.9,3.7,,,4.0,,,,,,,,,,,,,,,,,,,,,
201,1964-10-01,4.4,5.7,3.6,,,3.9,,,,,,,,,,,,,,,,,,,,,
202,1964-11-01,4.5,5.8,3.8,,,4.0,,,,,,,,,,,,,,,,,,,,,
203,1964-12-01,4.7,5.1,4.4,,,4.2,,,,,,,,,,,,,,,,,,,,,
204,1965-01-01,5.5,5.9,5.2,,,4.9,,,,,,,,,,,,,,,,,,,,,
205,1965-02-01,5.7,6.5,5.3,,,5.1,,,,,,,,,,,,,,,,,,,,,
206,1965-03-01,5.1,5.6,4.7,,,4.6,,,,,,,,,,,,,,,,,,,,,
207,1965-04-01,4.7,5.6,4.3,,,4.4,,,,,,,,,,,,,,,,,,,,,
208,1965-05-01,4.3,5.2,3.8,,,4.0,,,,,,,,,,,,,,,,,,,,,
209,1965-06-01,5.3,7.1,4.4,,,4.9,,,,,,,,,,,,,,,,,,,,,
210,1965-07-01,4.5,5.7,3.9,,,3.9,,,,,,,,,,,,,,,,,,,,,
211,1965-08-01,4.2,5.4,3.5,,,3.7,,,,,,,,,,,,,,,,,,,,,
212,1965-09-01,3.8,5.2,3.1,,,3.4,,,,,,,,,,,,,,,,,,,,,
213,1965-10-01,3.6,4.8,3.0,,,3.3,,,,,,,,,,,,,,,,,,,,,
214,1965-11-01,3.9,5.3,3.1,,,3.4,,,,,,,,,,,,,,,,,,,,,
215,1965-12-01,3.7,4.2,3.5,,,3.4,,,,,,,,,,,,,,,,,,,,,
216,1966-01-01,4.4,5.0,4.1,,,4.0,,,,,,,,,,,,,,,,,,,,,
217,1966-02-01,4.2,4.7,3.9,,,3.8,,,,,,,,,,,,,,,,,,,,,
218,1966-03-01,4.0,4.5,3.8,,,3.6,,,,,,,,,,,,,,,,,,,,,
219,1966-04-01,3.6,4.6,3.1,,,3.3,,,,,,,,,,,,,,,,,,,,,
220,1966-05-01,3.7,5.0,3.0,,,3.3,,,,,,,,,,,,,,,,,,,,,
221,1966-06-01,4.6,6.4,3.7,,,4.1,,,,,,,,,,,,,,,,,,,,,
222,1966-07-01,3.9,5.2,3.2,,,3.3,,,,,,,,,,,,,,,,,,,,,
223,1966-08-01,3.6,5.1,2.8,,,3.1,,,,,,,,,,,,,,,,,,,,,
224,1966-09-01,3.3,4.6,2.5,,,2.9,,,,,,,,,,,,,,,,,,,,,
225,1966-10-01,3.2,4.7,2.4,,,2.9,,,,,,,,,,,,,,,,,,,,,
226,1966-11-01,3.4,4.5,2.7,,,2.9,,,,,,,,,,,,,,,,,,,,,
227,1966-12-01,3.5,4.0,3.2,,,3.0,,,,,,,,,,,,,,,,,,,,,
228,1967-01-01,4.2,5.3,3.6,,,3.8,,,,,,,,,,,,,,,,,,,,,
229,1967-02-01,4.2,5.2,3.6,,,3.7,,,,,,,,,,,,,,,,,,,,,
230,1967-03-01,3.9,4.8,3.4,,,3.4,,,,,,,,,,,,,,,,,,,,,
231,1967-04-01,3.5,4.4,3.0,,,3.1,,,,,,,,,,,,,,,,,,,,,
232,1967-05-01,3.2,4.2,2.7,,,2.8,,,,,,,,,,,,,,,,,,,,,
233,1967-06-01,4.6,6.3,3.6,,,4.1,,,,,,,,,,,,,,,,,,,,,
234,1967-07-01,4.1,5.7,3.2,,,3.6,,,,,,,,,,,,,,,,,,,,,
235,1967-08-01,3.7,5.3,2.8,,,3.3,,,,,,,,,,,,,,,,,,,,,
236,1967-09-01,3.7,5.9,2.5,,,3.3,,,,,,,,,,,,,,,,,,,,,
237,1967-10-01,3.8,5.6,2.7,,,3.3,,,,,,,,,,,,,,,,,,,,,
238,1967-11-01,3.7,5.1,2.9,,,3.3,,,,,,,,,,,,,,,,,,,,,
239,1967-12-01,3.5,4.3,3.0,,,3.1,,,,,,,,,,,,,,,,,,,,,
240,1968-01-01,4.0,4.9,3.5,,,3.6,,,,,,,,,,,,,,,,,,,,,
241,1968-02-01,4.2,5.1,3.7,,,3.8,,,,,,,,,,,,,,,,,,,,,
242,1968-03-01,3.8,4.6,3.3,,,3.4,,,,,,,,,,,,,,,,,,,,,
243,1968-04-01,3.2,4.2,2.6,,,2.9,,,,,,,,,,,,,,,,,,,,,
244,1968-05-01,2.9,4.0,2.3,,,2.6,,,,,,,,,,,,,,,,,,,,,
245,1968-06-01,4.5,6.2,3.5,,,4.0,,,,,,,,,,,,,,,,,,,,,
246,1968-07-01,4.0,5.7,3.0,,,3.5,,,,,,,,,,,,,,,,,,,,,
247,1968-08-01,3.5,5.0,2.6,,,3.1,,,,,,,,,,,,,,,,,,,,,
248,1968-09-01,3.3,5.0,2.3,,,3.0,,,,,,,,,,,,,,,,,,,,,
249,1968-10-01,3.2,4.5,2.4,,,2.8,,,,,,,,,,,,,,,,,,,,,
250,1968-11-01,3.3,4.5,2.5,,,2.9,,,,,,,,,,,,,,,,,,,,,
251,1968-12-01,3.1,3.8,2.6,,,2.7,,,,,,,,,,,,,,,,,,,,,
252,1969-01-01,3.7,4.5,3.2,,,3.3,,,,,,,,,,,,,,,,,,,,,
253,1969-02-01,3.7,4.6,3.1,,,3.4,,,,,,,,,,,,,,,,,,,,,
254,1969-03-01,3.5,4.3,3.0,,,3.1,,,,,,,,,,,,,,,,,,,,,
255,1969-04-01,3.2,4.3,2.5,,,2.8,,,,,,,,,,,,,,,,,,,,,
256,1969-05-01,2.9,4.0,2.2,,,2.6,,,,,,,,,,,,,,,,,,,,,
257,1969-06-01,4.1,5.9,3.1,,,3.6,,,,,,,,,,,,,,,,,,,,,
258,1969-07-01,3.8,5.1,3.1,,,3.4,,,,,,,,,,,,,,,,,,,,,
259,1969-08-01,3.5,5.1,2.5,,,3.1,,,,,,,,,,,,,,,,,,,,,
260,1969-09-01,3.7,5.3,2.6,,,3.3,,,,,,,,,,,,,,,,,,,,,
261,1969-10-01,3.5,4.9,2.6,,,3.2,,,,,,,,,,,,,,,,,,,,,
262,1969-11-01,3.3,4.4,2.7,,,3.0,,,,,,,,,,,,,,,,,,,,,
263,1969-12-01,3.2,3.7,2.9,,,3.0,,,,,,,,,,,,,,,,,,,,,
264,1970-01-01,4.2,4.8,3.9,,,3.9,,,,,,,,,,,,,,,,,,,,,
265,1970-02-01,4.7,5.2,4.3,,,4.3,,,,,,,,,,,,,,,,,,,,,
266,1970-03-01,4.6,5.3,4.1,,,4.2,,,,,,,,,,,,,,,,,,,,,
267,1970-04-01,4.3,5.0,3.9,,,3.9,,,,,,,,,,,,,,,,,,,,,
268,1970-05-01,4.1,5.0,3.6,,,3.8,,,,,,,,,,,,,,,,,,,,,
269,1970-06-01,5.6,6.8,4.8,,,4.9,,,,,,,,,,,,,,,,,,,,,
270,1970-07-01,5.3,6.4,4.7,,,4.8,,,,,,,,,,,,,,,,,,,,,
271,1970-08-01,5.0,6.4,4.2,,,4.6,,,,,,,,,,,,,,,,,,,,,
272,1970-09-01,5.2,6.8,4.2,,,4.8,,,,,,,,,,,,,,,,,,,,,
273,1970-10-01,5.1,6.3,4.4,,,4.7,,,,,,,,,,,,,,,,,,,,,
274,1970-11-01,5.5,6.7,4.8,,,5.2,,,,,,,,,,,,,,,,,,,,,
275,1970-12-01,5.6,5.8,5.4,,,5.2,,,,,,,,,,,,,,,,,,,,,
276,1971-01-01,6.6,6.8,6.4,,,6.1,,,,,,,,,,,,,,,,,,,,,
277,1971-02-01,6.6,6.9,6.4,,,6.1,,,,,,,,,,,,,,,,,,,,,
278,1971-03-01,6.3,6.8,5.9,,,5.9,,,,,,,,,,,,,,,,,,,,,
279,1971-04-01,5.7,6.5,5.1,,,5.2,,,,,,,,,,,,,,,,,,,,,
280,1971-05-01,5.3,6.2,4.8,,,4.9,,,,,,,,,,,,,,,,,,,,,
281,1971-06-01,6.5,7.9,5.6,,,5.8,,,,,,,,,,,,,,,,,,,,,
282,1971-07-01,6.2,7.6,5.4,,,5.5,,,,,,,,,,,,,,,,,,,,,
283,1971-08-01,5.9,7.5,5.0,,,5.4,,,,,,,,,,,,,,,,,,,,,
284,1971-09-01,5.8,7.5,4.7,,,5.2,,,,,,,,,,,,,,,,,,,,,
285,1971-10-01,5.4,6.7,4.6,,,4.9,,,,,,,,,,,,,,,,,,,,,
286,1971-11-01,5.7,6.8,5.0,,,5.3,,,,,,,,,,,,,,,,,,,,,
287,1971-12-01,5.5,5.8,5.4,,,5.1,,,,,,,,,,,,,,,,,,,,,
288,1972-01-01,6.5,6.8,6.3,11.6,,5.9,,,,,,,,,,,,,,,,,,,,,
289,1972-02-01,6.4,6.5,6.3,11.5,,5.8,,,,,,,,,,,,,,,,,,,,,
290,1972-03-01,6.1,6.5,5.9,10.7,,5.6,,,,,,,,,,,,,,,,,,,,,
291,1972-04-01,5.5,6.2,5.1,9.2,,5.1,,,,,,,,,,,,,,,,,,,,,
292,1972-05-01,5.1,6.0,4.6,9.3,,4.6,,,,,,,,,,,,,,,,,,,,,
293,1972-06-01,6.2,7.8,5.2,11.8,,5.5,,,,,,,,,,,,,,,,,,,,,
294,1972-07-01,5.9,7.5,4.8,11.8,,5.2,,,,,,,,,,,,,,,,,,,,,
295,1972-08-01,5.5,7.2,4.5,10.3,,5.0,,,,,,,,,,,,,,,,,,,,,
296,1972-09-01,5.4,7.3,4.2,10.3,,4.8,,,,,,,,,,,,,,,,,,,,,
297,1972-10-01,5.1,6.6,4.2,9.9,,4.6,,,,,,,,,,,,,,,,,,,,,
298,1972-11-01,4.9,6.0,4.2,9.7,,4.4,,,,,,,,,,,,,,,,,,,,,
299,1972-12-01,4.8,5.3,4.4,8.7,,4.3,,,,,,,,,,,,,,,,,,,,,
300,1973-01-01,5.5,6.3,5.0,9.4,,5.0,,,,,,,,,,,,,,,,,,,,,
301,1973-02-01,5.6,6.3,5.2,9.7,,5.1,,,,,,,,,,,,,,,,,,,,,
302,1973-03-01,5.2,5.9,4.8,9.4,7.9,4.7,,,,,,,,,,,,,,,,,,,,,
303,1973-04-01,4.8,5.6,4.3,9.3,8.2,4.3,,,,,,,,,,,,,,,,,,,,,
304,1973-05-01,4.4,5.2,3.9,8.7,7.6,3.9,,,,,,,,,,,,,,,,,,,,,
305,1973-06-01,5.4,6.9,4.4,11.4,8.5,4.7,,,,,,,,,,,,,,,,,,,,,
306,1973-07-01,5.0,6.5,4.1,11.1,7.5,4.3,,,,,,,,,,,,,,,,,,,,,
307,1973-08-01,4.7,6.3,3.7,9.0,6.8,4.2,,,,,,,,,,,,,,,,,,,,,
308,1973-09-01,4.7,6.5,3.5,9.6,6.8,4.1,,,,,,,,,,,,,,,,,,,,,
309,1973-10-01,4.2,5.5,3.4,8.2,7.1,3.8,,,,,,,,,,,,,,,,,,,,,
310,1973-11-01,4.6,5.7,3.8,8.9,7.7,4.0,,,,,,,,,,,,,,,,,,,,,
311,1973-12-01,4.6,5.3,4.1,8.3,7.3,4.1,,,,,,,,,,,,,,,,,,,,,
312,1974-01-01,5.7,6.5,5.1,9.9,8.5,5.1,,,,,,,,,,,,,,,,,,,,,
313,1974-02-01,5.8,6.4,5.4,10.0,8.7,5.3,,,,,,,,,,,,,,,,,,,,,
314,1974-03-01,5.3,6.0,4.9,9.9,8.2,4.8,,,,,,,,,,,,,,,,,,,,,
315,1974-04-01,4.8,5.4,4.5,9.0,7.3,4.4,,,,,,,,,,,,,,,,,,,,,
316,1974-05-01,4.6,5.7,4.0,8.8,6.8,4.2,,,,,,,,,,,,,,,,,,,,,
317,1974-06-01,5.8,7.3,4.9,11.6,9.1,5.2,,,,,,,,,,,,,,,,,,,,,
318,1974-07-01,5.7,7.2,4.7,11.5,9.2,5.0,,,,,,,,,,,,,,,,,,,,,
319,1974-08-01,5.3,6.8,4.4,9.7,7.6,4.8,,,,,,,,,,,,,,,,,,,,,
320,1974-09-01,5.7,7.6,4.5,10.6,7.2,5.2,,,,,,,,,,,,,,,,,,,,,
321,1974-10-01,5.5,6.9,4.6,10.7,7.3,4.9,,,,,,,,,,,,,,,,,,,,,
322,1974-11-01,6.2,7.6,5.3,11.9,8.2,5.6,,,,,,,,,,,,,,,,,,,,,
323,1974-12-01,6.7,7.3,6.3,12.3,8.9,6.1,,,,,,,,,,,,,,,,,,,,,
324,1975-01-01,9.0,9.7,8.5,14.9,11.8,8.3,,,,,,,,,,,,,,,,,,,,,
325,1975-02-01,9.1,9.5,8.9,15.0,12.5,8.5,,,,,,,,,,,,,,,,,,,,,
326,1975-03-01,9.1,9.5,8.9,15.6,12.8,8.4,,,,,,,,,,,,,,,,,,,,,
327,1975-04-01,8.6,8.9,8.3,14.8,12.9,7.9,,,,,,,,,,,,,,,,,,,,,
328,1975-05-01,8.3,9.1,7.8,14.1,13.4,7.7,,,,,,,,,,,,,,,,,,,,,
329,1975-06-01,9.1,10.1,8.4,16.4,12.2,8.3,,,,,,,,,,,,,,,,,,,,,
330,1975-07-01,8.7,9.7,8.0,15.3,12.2,7.9,,,,,,,,,,,,,,,,,,,,,
331,1975-08-01,8.2,9.6,7.2,14.7,11.4,7.4,,,,,,,,,,,,,,,,,,,,,
332,1975-09-01,8.1,9.6,7.1,15.0,11.6,7.3,,,,,,,,,,,,,,,,,,,,,
333,1975-10-01,7.8,9.0,6.9,14.0,11.6,7.1,,,,,,,,,,,,,,,,,,,,,
334,1975-11-01,7.8,8.6,7.2,13.9,11.8,7.1,,,,,,,,,,,,,,,,,,,,,
335,1975-12-01,7.8,8.2,7.5,13.7,11.9,7.1,,,,,,,,,,,,,,,,,,,,,
336,1976-01-01,8.8,9.3,8.5,15.0,12.6,8.1,,,,,,,,,,,,,,,,,,,,,
337,1976-02-01,8.7,9.1,8.4,15.1,11.9,7.9,,,,,,,,,,,,,,,,,,,,,
338,1976-03-01,8.1,8.5,7.8,13.9,11.6,7.4,,,,,,,,,,,,,,,,,,,,,
339,1976-04-01,7.4,7.9,7.0,13.3,12.1,6.7,,,,,,,,,,,,,,,,,,,,,
340,1976-05-01,6.8,7.4,6.3,12.3,9.7,6.1,,,,,,,,,,,,,,,,,,,,,
341,1976-06-01,8.0,9.1,7.2,15.6,11.3,7.1,,,,,,,,,,,,,,,,,,,,,
342,1976-07-01,7.8,9.2,6.9,15.1,12.3,7.0,,,,,,,,,,,,,,,,,,,,,
343,1976-08-01,7.6,9.4,6.3,14.0,12.0,6.8,,,,,,,,,,,,,,,,,,,,,
344,1976-09-01,7.4,9.2,6.2,13.3,10.9,6.7,,,,,,,,,,,,,,,,,,,,,
345,1976-10-01,7.2,8.6,6.2,13.2,10.4,6.5,,,,,,,,,,,,,,,,,,,,,
346,1976-11-01,7.4,8.3,6.8,13.4,11.2,6.7,,,,,,,,,,,,,,,,,,,,,
347,1976-12-01,7.4,7.7,7.1,13.3,11.6,6.7,,,,,,,,,,,,,,,,,,,,,
348,1977-01-01,8.3,8.8,7.9,14.4,12.2,7.6,,,,,,,,,,,,,,,,,,,,,
349,1977-02-01,8.5,8.8,8.3,14.8,12.4,7.8,,,,,,,,,,,,,,,,,,,,,
350,1977-03-01,7.9,8.5,7.5,14.1,11.5,7.2,,,,,,,,,,,,,,,,,,,,,
351,1977-04-01,6.9,7.7,6.3,12.2,9.9,6.2,,,,,,,,,,,,,,,,,,,,,
352,1977-05-01,6.4,7.3,5.8,12.7,9.2,5.7,,,,,,,,,,,,,,,,,,,,,
353,1977-06-01,7.5,9.1,6.5,15.2,10.2,6.6,,,,,,,,,,,,,,,,,,,,,
354,1977-07-01,7.0,8.4,6.0,15.1,10.1,6.0,,,,,,,,,,,,,,,,,,,,,
355,1977-08-01,6.8,8.6,5.7,14.9,9.3,5.9,,,,,,,,,,,,,,,,,,,,,
356,1977-09-01,6.6,8.6,5.2,14.0,9.1,5.8,,,,,,,,,,,,,,,,,,,,,
357,1977-10-01,6.4,7.8,5.3,13.9,8.4,5.5,,,,,,,,,,,,,,,,,,,,,
358,1977-11-01,6.5,7.9,5.5,14.1,8.9,5.6,,,,,,,,,,,,,,,,,,,,,
359,1977-12-01,6.0,6.8,5.5,12.8,8.9,5.2,,,,,,,,,,,,,,,,,,,,,
360,1978-01-01,7.1,7.8,6.5,14.5,10.1,6.2,,,,,,,,,,,,,,,,,,,,,
361,1978-02-01,6.9,7.3,6.7,13.5,10.7,6.1,,,,,,,,,,,,,,,,,,,,,
362,1978-03-01,6.6,7.0,6.3,13.2,9.6,5.8,,,,,,,,,,,,,,,,,,,,,
363,1978-04-01,5.8,6.6,5.2,12.3,8.6,5.0,,,,,,,,,,,,,,,,,,,,,
364,1978-05-01,5.5,6.7,4.7,12.2,9.0,4.7,,,,,,,,,,,,,,,,,,,,,
365,1978-06-01,6.2,7.9,5.1,14.0,9.2,5.3,,,,,,,,,,,,,,,,,,,,,
366,1978-07-01,6.3,8.0,5.1,14.2,10.1,5.3,,,,,,,,,,,,,,,,,,,,,
367,1978-08-01,5.9,7.6,4.7,12.2,9.0,5.0,,,,,,,,,,,,,,,,,,,,,
368,1978-09-01,5.8,7.6,4.5,11.6,8.4,5.1,,,,,,,,,,,,,,,,,,,,,
369,1978-10-01,5.4,6.6,4.6,11.4,7.6,4.7,,,,,,,,,,,,,,,,,,,,,
370,1978-11-01,5.6,6.7,4.8,12.3,8.0,4.8,,,,,,,,,,,,,,,,,,,,,
371,1978-12-01,5.7,6.3,5.2,11.7,8.8,5.0,,,,,,,,,,,,,,,,,,,,,
372,1979-01-01,6.4,7.1,6.0,12.7,8.9,5.7,,,,,,,,,,,,,,,,,,,,,
373,1979-02-01,6.4,7.0,6.0,13.7,8.3,5.6,,,,,,,,,,,,,,,,,,,,,
374,1979-03-01,6.1,6.6,5.7,12.5,8.0,5.4,,,,,,,,,,,,,,,,,,,,,
375,1979-04-01,5.5,6.3,5.0,12.2,7.9,4.7,,,,,,,,,,,,,,,,,,,,,
376,1979-05-01,5.2,6.3,4.5,11.7,7.6,4.5,,,,,,,,,,,,,,,,,,,,,
377,1979-06-01,6.0,7.5,5.0,13.5,8.5,5.1,,,,,,,,,,,,,,,,,,,,,
378,1979-07-01,5.9,7.0,5.1,13.3,8.7,5.0,,,,,,,,,,,,,,,,,,,,,
379,1979-08-01,5.9,7.5,4.8,12.3,8.7,5.2,,,,,,,,,,,,,,,,,,,,,
380,1979-09-01,5.7,7.1,4.6,11.4,7.2,5.0,,,,,,,,,,,,,,,,,,,,,
381,1979-10-01,5.6,6.9,4.7,12.0,7.9,4.9,,,,,,,,,,,,,,,,,,,,,
382,1979-11-01,5.6,6.4,5.0,11.4,8.9,4.9,,,,,,,,,,,,,,,,,,,,,
383,1979-12-01,5.7,6.2,5.3,11.5,9.2,5.0,,,,,,,,,,,,,,,,,,,,,
384,1980-01-01,6.9,7.1,6.7,13.2,9.6,6.1,,,,,,,,,,,,,,,,,,,,,
385,1980-02-01,6.8,7.0,6.7,13.2,9.7,6.0,,,,,,,,,,,,,,,,,,,,,
386,1980-03-01,6.6,6.6,6.6,12.9,9.5,5.9,,,,,,,,,,,,,,,,,,,,,
387,1980-04-01,6.7,6.6,6.7,13.2,9.8,5.9,,,,,,,,,,,,,,,,,,,,,
388,1980-05-01,7.1,7.2,7.0,13.8,9.8,6.2,,,,,,,,,,,,,,,,,,,,,
389,1980-06-01,7.8,8.2,7.6,15.8,10.3,6.9,,,,,,,,,,,,,,,,,,,,,
390,1980-07-01,7.9,8.2,7.6,16.4,11.5,6.8,,,,,,,,,,,,,,,,,,,,,
391,1980-08-01,7.6,8.1,7.2,14.6,10.6,6.7,,,,,,,,,,,,,,,,,,,,,
392,1980-09-01,7.2,7.6,6.8,14.4,10.7,6.3,,,,,,,,,,,,,,,,,,,,,
393,1980-10-01,7.1,7.7,6.7,14.8,9.8,6.2,,,,,,,,,,,,,,,,,,,,,
394,1980-11-01,7.1,7.4,7.0,14.5,9.8,6.3,,,,,,,,,,,,,,,,,,,,,
395,1980-12-01,6.9,7.0,6.9,14.3,9.7,6.1,,,,,,,,,,,,,,,,,,,,,
396,1981-01-01,8.2,8.0,8.3,14.6,11.7,7.5,,,,,,,,,,,,,,,,,,,,,
397,1981-02-01,8.0,7.7,8.3,15.1,12.4,7.3,,,,,,,,,,,,,,,,,,,,,
398,1981-03-01,7.7,7.4,7.9,15.1,10.6,6.8,,,,,,,,,,,,,,,,,,,,,
399,1981-04-01,7.0,7.1,6.9,14.1,9.0,6.2,,,,,,,,,,,,,,,,,,,,,
400,1981-05-01,7.1,7.5,6.9,14.3,9.7,6.3,,,,,,,,,,,,,,,,,,,,,
401,1981-06-01,7.7,8.3,7.3,16.9,10.4,6.6,,,,,,,,,,,,,,,,,,,,,
402,1981-07-01,7.3,8.2,6.7,16.0,10.6,6.3,,,,,,,,,,,,,,,,,,,,,
403,1981-08-01,7.2,8.0,6.6,16.3,9.8,6.1,,,,,,,,,,,,,,,,,,,,,
404,1981-09-01,7.3,8.4,6.5,15.7,9.0,6.3,,,,,,,,,,,,,,,,,,,,,
405,1981-10-01,7.5,8.3,6.9,16.4,9.9,6.5,,,,,,,,,,,,,,,,,,,,,
406,1981-11-01,7.9,8.2,7.8,16.2,11.0,7.0,,,,,,,,,,,,,,,,,,,,,
407,1981-12-01,8.3,7.8,8.7,16.5,11.2,7.3,,,,,,,,,,,,,,,,,,,,,
408,1982-01-01,9.4,8.7,10.0,17.3,13.0,8.5,,,,,,,,,,,,,,,,,,,,,
409,1982-02-01,9.6,8.9,10.1,17.9,13.3,8.6,,,,,,,,,,,,,,,,,,,,,
410,1982-03-01,9.5,8.7,10.1,18.2,12.7,8.4,,,,,,,,,,,,,,,,,,,,,
411,1982-04-01,9.2,8.7,9.5,17.8,12.3,8.1,,,,,,,,,,,,,,,,,,,,,
412,1982-05-01,9.1,9.0,9.1,18.0,13.4,8.0,,,,,,,,,,,,,,,,,,,,,
413,1982-06-01,9.8,9.7,9.8,19.7,13.8,8.5,,,,,,,,,,,,,,,,,,,,,
414,1982-07-01,9.8,10.0,9.6,19.7,14.7,8.6,,,,,,,,,,,,,,,,,,,,,
415,1982-08-01,9.6,9.9,9.3,18.9,14.4,8.4,,,,,,,,,,,,,,,,,,,,,
416,1982-09-01,9.7,9.8,9.6,19.5,13.6,8.5,,,,,,,,,,,,,,,,,,,,,
417,1982-10-01,9.9,9.9,9.9,19.9,14.0,8.6,,,,,,,,,,,,,,,,,,,,,
418,1982-11-01,10.4,9.9,10.7,19.5,15.2,9.2,,,,,,,,,,,,,,,,,,,,,
419,1982-12-01,10.5,9.6,11.3,20.2,15.1,9.4,,,,,,,,,,,,,,,,,,,,,
420,1983-01-01,11.4,10.4,12.2,21.3,16.8,10.2,,,,,,,,,,,,,,,,,,,,,
421,1983-02-01,11.3,10.0,12.3,20.1,16.9,10.2,,,,,,,,,,,,,,,,,,,,,
422,1983-03-01,10.8,9.6,11.7,20.3,16.3,9.6,,,,,,,,,,,,,,,,,,,,,
423,1983-04-01,10.0,9.0,10.8,20.2,14.1,8.8,,,,,,,,,,,,,,,,,,,,,
424,1983-05-01,9.8,9.2,10.2,19.9,13.5,8.5,,,,,,,,,,,,,,,,,,,,,
425,1983-06-01,10.2,10.4,10.1,21.7,14.2,8.7,,,,,,,,,,,,,,,,,,,,,
426,1983-07-01,9.4,9.4,9.4,20.3,12.8,8.0,,,,,,,,,,,,,,,,,,,,,
427,1983-08-01,9.2,9.4,9.0,19.7,12.6,7.8,,,,,,,,,,,,,,,,,,,,,
428,1983-09-01,8.8,9.0,8.6,18.7,12.2,7.5,,,,,,,,,,,,,,,,,,,,,
429,1983-10-01,8.4,8.5,8.3,18.0,11.5,7.2,,,,,,,,,,,,,,,,,,,,,
430,1983-11-01,8.1,7.9,8.3,16.8,12.3,7.1,,,,,,,,,,,,,,,,,,,,,
431,1983-12-01,8.0,7.5,8.4,17.1,11.2,6.9,,,,,,,,,,,,,,,,,,,,,
432,1984-01-01,8.8,8.2,9.3,17.1,12.5,7.7,,,,,,,,,,,,,,,,,,,,,
433,1984-02-01,8.4,7.9,8.9,16.3,11.4,7.5,,,,,,,,,,,,,,,,,,,,,
434,1984-03-01,8.1,7.7,8.4,16.7,12.1,7.1,,,,,,,,,,,,,,,,,,,,,
435,1984-04-01,7.6,7.4,7.8,16.4,11.1,6.5,,,,,,,,,,,,,,,,,,,,,
436,1984-05-01,7.2,7.4,7.0,15.4,10.2,6.2,,,,,,,,,,,,,,,,,,,,,
437,1984-06-01,7.4,7.8,7.1,16.4,10.2,6.3,,,,,,,,,,,,,,,,,,,,,
438,1984-07-01,7.5,8.0,7.1,17.6,10.6,6.2,,,,,,,,,,,,,,,,,,,,,
439,1984-08-01,7.3,8.2,6.6,16.1,10.4,6.2,,,,,,,,,,,,,,,,,,,,,
440,1984-09-01,7.1,7.7,6.6,15.0,9.9,6.0,,,,,,,,,,,,,,,,,,,,,
441,1984-10-01,7.0,7.7,6.5,15.2,10.3,6.0,,,,,,,,,,,,,,,,,,,,,
442,1984-11-01,6.9,7.1,6.8,14.3,10.2,5.9,,,,,,,,,,,,,,,,,,,,,
443,1984-12-01,7.0,6.7,7.2,14.4,10.0,6.0,,,,,,,,,,,,,,,,,,,,,
444,1985-01-01,8.0,7.8,8.2,15.0,11.6,7.2,,,,,,,,,,,,,,,,,,,,,
445,1985-02-01,7.8,7.5,8.1,16.1,10.6,6.8,,,,,,,,,,,,,,,,,,,,,
446,1985-03-01,7.5,7.4,7.6,15.2,11.0,6.6,,,,,,,,,,,,,,,,,,,,,
447,1985-04-01,7.1,7.1,7.2,15.0,10.0,6.1,,,,,,,,,,,,,,,,,,,,,
448,1985-05-01,7.0,7.5,6.6,15.1,10.2,6.0,,,,,,,,,,,,,,,,,,,,,
449,1985-06-01,7.5,7.9,7.2,15.2,10.5,6.5,,,,,,,,,,,,,,,,,,,,,
450,1985-07-01,7.4,7.9,7.0,16.0,11.3,6.3,,,,,,,,,,,,,,,,,,,,,
451,1985-08-01,6.9,7.7,6.3,14.3,10.0,6.0,,,,,,,,,,,,,,,,,,,,,
452,1985-09-01,6.9,7.7,6.2,15.1,9.8,5.8,,,,,,,,,,,,,,,,,,,,,
453,1985-10-01,6.8,7.2,6.5,14.7,10.7,5.8,,,,,,,,,,,,,,,,,,,,,
454,1985-11-01,6.7,6.9,6.6,15.0,10.6,5.7,,,,,,,,,,,,,,,,,,,,,
455,1985-12-01,6.7,6.5,6.8,14.2,10.0,5.7,,,,,,,,,,,,,,,,,,,,,
456,1986-01-01,7.3,7.2,7.5,14.4,11.2,6.5,,,,,,,,,,,,,,,,,,,,,
457,1986-02-01,7.8,7.6,8.0,14.9,12.9,6.9,,,,,,,,,,,,,,,,,,,,,
458,1986-03-01,7.5,7.2,7.6,14.7,11.0,6.5,,,,,,,,,,,,,,,,,,,,,
459,1986-04-01,7.0,6.9,7.0,14.6,10.0,6.0,,,,,,,,,,,,,,,,,,,,,
460,1986-05-01,7.0,7.1,6.8,14.5,10.5,6.0,,,,,,,,,,,,,,,,,,,,,
461,1986-06-01,7.3,7.7,7.1,15.8,10.5,6.2,,,,,,,,,,,,,,,,,,,,,
462,1986-07-01,7.0,7.3,6.8,15.1,10.8,6.0,,,,,,,,,,,,,,,,,,,,,
463,1986-08-01,6.7,7.3,6.2,14.8,10.6,5.6,,,,,,,,,,,,,,,,,,,,,
464,1986-09-01,6.8,7.3,6.4,14.8,10.5,5.8,,,,,,,,,,,,,,,,,,,,,
465,1986-10-01,6.6,6.9,6.4,14.3,10.1,5.7,,,,,,,,,,,,,,,,,,,,,
466,1986-11-01,6.6,6.6,6.7,13.8,9.4,5.8,,,,,,,,,,,,,,,,,,,,,
467,1986-12-01,6.3,5.8,6.7,12.8,10.1,5.5,,,,,,,,,,,,,,,,,,,,,
468,1987-01-01,7.3,6.8,7.7,13.9,11.5,6.5,,,,,,,,,,,,,,,,,,,,,
469,1987-02-01,7.2,6.7,7.6,14.4,10.6,6.3,,,,,,,,,,,,,,,,,,,,,
470,1987-03-01,6.9,6.5,7.2,13.9,9.4,6.0,,,,,,,,,,,,,,,,,,,,,
471,1987-04-01,6.2,5.9,6.4,12.8,8.8,5.3,,,,,,,,,,,,,,,,,,,,,
472,1987-05-01,6.1,6.1,6.2,13.5,8.4,5.2,,,,,,,,,,,,,,,,,,,,,
473,1987-06-01,6.3,6.4,6.2,13.6,8.4,5.4,,,,,,,,,,,,,,,,,,,,,
474,1987-07-01,6.1,6.4,5.8,13.5,8.2,5.1,,,,,,,,,,,,,,,,,,,,,
475,1987-08-01,5.8,6.3,5.5,12.5,7.8,4.9,,,,,,,,,,,,,,,,,,,,,
476,1987-09-01,5.7,6.4,5.2,12.4,7.8,4.9,,,,,,,,,,,,,,,,,,,,,
477,1987-10-01,5.7,6.0,5.4,12.0,8.1,4.9,,,,,,,,,,,,,,,,,,,,,
478,1987-11-01,5.6,5.8,5.5,11.7,8.9,4.9,,,,,,,,,,,,,,,,,,,,,
479,1987-12-01,5.4,5.2,5.6,11.4,7.9,4.6,,,,,,,,,,,,,,,,,,,,,
480,1988-01-01,6.3,6.0,6.6,12.0,8.2,5.6,,,,,,,,,,,,,,,,,,,,,
481,1988-02-01,6.2,6.0,6.4,12.9,9.2,5.4,,,,,,,,,,,,,,,,,,,,,
482,1988-03-01,5.9,5.5,6.3,12.8,8.4,5.0,,,,,,,,,,,,,,,,,,,,,
483,1988-04-01,5.3,5.3,5.3,12.0,8.8,4.5,,,,,,,,,,,,,,,,,,,,,
484,1988-05-01,5.4,5.5,5.4,12.3,8.6,4.5,,,,,,,,,,,,,,,,,,,,,
485,1988-06-01,5.5,5.8,5.3,12.4,8.7,4.7,,,,,,,,,,,,,,,,,,,,,
486,1988-07-01,5.5,6.0,5.1,12.2,8.1,4.7,,,,,,,,,,,,,,,,,,,,,
487,1988-08-01,5.4,5.8,5.0,11.3,8.1,4.6,,,,,,,,,,,,,,,,,,,,,
488,1988-09-01,5.2,5.8,4.8,10.7,7.1,4.6,,,,,,,,,,,,,,,,,,,,,
489,1988-10-01,5.0,5.3,4.9,10.8,7.5,4.3,,,,,,,,,,,,,,,,,,,,,
490,1988-11-01,5.2,5.1,5.2,10.7,8.0,4.4,,,,,,,,,,,,,,,,,,,,,
491,1988-12-01,5.0,4.7,5.3,10.7,7.2,4.3,,,,,,,,,,,,,,,,,,,,,
492,1989-01-01,6.0,5.5,6.4,11.8,9.2,5.3,,,,,,,,,,,,,,,,,,,,,
493,1989-02-01,5.6,5.2,6.1,12.4,7.5,4.8,,,,,,,,,,,,,,,,,,,,,
494,1989-03-01,5.2,5.0,5.4,11.2,6.6,4.4,,,,,,,,,,,,,,,,,,,,,
495,1989-04-01,5.1,4.9,5.2,10.8,8.1,4.4,,,,,,,,,,,,,,,,,,,,,
496,1989-05-01,5.0,5.2,4.8,11.1,7.8,4.2,,,,,,,,,,,,,,,,,,,,,
497,1989-06-01,5.5,6.0,5.0,12.6,8.1,4.5,,,,,,,,,,,,,,,,,,,,,
498,1989-07-01,5.3,6.0,4.8,11.5,8.9,4.5,,,,,,,,,,,,,,,,,,,,,
499,1989-08-01,5.1,5.7,4.6,10.9,8.7,4.3,,,,,,,,,,,,,,,,,,,,,
500,1989-09-01,5.1,5.5,4.8,11.3,7.7,4.3,,,,,,,,,,,,,,,,,,,,,
501,1989-10-01,5.0,5.3,4.8,11.2,7.5,4.2,,,,,,,,,,,,,,,,,,,,,
502,1989-11-01,5.2,5.2,5.2,11.4,8.0,4.4,,,,,,,,,,,,,,,,,,,,,
503,1989-12-01,5.1,4.9,5.3,11.1,8.1,4.3,,,,,,,,,,,,,,,,,,,,,
504,1990-01-01,6.0,5.5,6.4,11.5,8.0,5.3,,,,,,,,,,,,,,,,,,,,,
505,1990-02-01,5.9,5.5,6.1,11.3,8.5,5.2,,,,,,,,,,,,,,,,,,,,,
506,1990-03-01,5.5,5.1,5.8,10.8,7.7,4.8,,,,,,,,,,,,,,,,,,,,,
507,1990-04-01,5.3,5.0,5.5,10.3,8.2,4.7,,,,,,,,,,,,,,,,,,,,,
508,1990-05-01,5.2,5.2,5.2,10.5,7.7,4.5,,,,,,,,,,,,,,,,,,,,,
509,1990-06-01,5.4,5.5,5.3,11.3,7.3,4.6,,,,,,,,,,,,,,,,,,,,,
510,1990-07-01,5.6,5.9,5.3,11.9,8.2,4.7,,,,,,,,,,,,,,,,,,,,,
511,1990-08-01,5.5,5.9,5.2,11.6,8.0,4.7,,,,,,,,,,,,,,,,,,,,,
512,1990-09-01,5.6,5.9,5.3,11.8,8.2,4.7,,,,,,,,,,,,,,,,,,,,,
513,1990-10-01,5.5,5.6,5.4,11.5,7.8,4.6,,,,,,,,,,,,,,,,,,,,,
514,1990-11-01,5.9,5.6,6.1,12.1,8.9,5.0,,,,,,,,,,,,,,,,,,,,,
515,1990-12-01,6.0,5.4,6.4,12.1,9.5,5.2,,,,,,,,,,,,,,,,,,,,,
516,1991-01-01,7.1,6.3,7.6,12.3,10.0,6.4,,,,,,,,,,,,,,,,,,,,,
517,1991-02-01,7.3,6.3,8.1,12.5,10.3,6.6,,,,,,,,,,,,,,,,,,,,,
518,1991-03-01,7.2,6.2,8.0,12.5,10.2,6.5,,,,,,,,,,,,,,,,,,,,,
519,1991-04-01,6.5,5.8,7.1,12.3,9.3,5.8,,,,,,,,,,,,,,,,,,,,,
520,1991-05-01,6.7,6.4,7.0,12.8,9.6,5.9,,,,,,,,,,,,,,,,,,,,,
521,1991-06-01,7.0,6.9,7.1,13.5,9.7,6.2,,,,,,,,,,,,,,,,,,,,,
522,1991-07-01,6.8,6.8,6.9,12.4,9.9,6.1,,,,,,,,,,,,,,,,,,,,,
523,1991-08-01,6.6,6.8,6.5,12.2,10.1,5.9,,,,,,,,,,,,,,,,,,,,,
524,1991-09-01,6.5,6.5,6.5,11.9,10.7,5.8,,,,,,,,,,,,,,,,,,,,,
525,1991-10-01,6.5,6.5,6.5,12.6,10.1,5.7,,,,,,,,,,,,,,,,,,,,,
526,1991-11-01,6.7,6.4,7.0,12.2,10.4,6.0,,,,,,,,,,,,,,,,,,,,,
527,1991-12-01,6.9,6.3,7.4,12.5,9.8,6.2,,,,,,,,,,,,,,,,,,,,,
528,1992-01-01,8.1,6.9,9.1,14.1,12.0,7.2,,,,,,,,,,,,,,,,,,,,,
529,1992-02-01,8.2,7.0,9.3,14.6,12.5,7.4,,,,,,,,,,,,,,,,,,,,,
530,1992-03-01,7.8,6.7,8.7,14.2,11.7,7.0,,,,,,,,,,,,,,,,,,,,,
531,1992-04-01,7.2,6.5,7.8,13.7,10.4,6.4,,,,,,,,,,,,,,,,,,,,,
532,1992-05-01,7.3,6.8,7.8,14.7,11.2,6.4,,,,,,,,,,,,,,,,,,,,,
533,1992-06-01,8.0,7.7,8.2,15.6,11.8,6.9,,,,,,,,,,,,,,,,,,,,,
534,1992-07-01,7.7,7.8,7.6,15.0,12.2,6.7,,,,,,,,,,,,,,,,,,,,,
535,1992-08-01,7.4,7.6,7.3,14.0,11.2,6.5,,,,,,,,,,,,,,,,,,,,,
536,1992-09-01,7.3,7.4,7.2,13.4,11.6,6.4,,,,,,,,,,,,,,,,,,,,,
537,1992-10-01,6.9,6.7,7.0,13.5,11.1,6.0,,,,,,,,,,,,,,,,,,,,,
538,1992-11-01,7.1,6.7,7.4,13.7,12.0,6.1,,,,,,,,,,,,,,,,,,,,,
539,1992-12-01,7.1,6.6,7.5,13.8,11.1,6.1,,,,,,,,,,,,,,,,,,,,,
540,1993-01-01,8.0,7.3,8.6,14.7,12.4,7.1,,,,,,,,,,,,,,,,,,,,,
541,1993-02-01,7.8,6.9,8.6,13.7,12.6,7.0,,,,,,,,,,,,,,,,,,,,,
542,1993-03-01,7.4,6.3,8.3,13.8,11.8,6.6,,,,,,,,,,,,,,,,,,,,,
543,1993-04-01,6.9,6.3,7.4,13.7,10.4,6.0,,,,,,,,,,,,,,,,,,,,,
544,1993-05-01,6.8,6.5,7.1,13.1,9.6,5.9,,,,,,,,,,,,,,,,,,,,,
545,1993-06-01,7.2,7.1,7.3,14.5,10.2,6.2,,,,,,,,,,,,,,,,,,,,,
546,1993-07-01,7.0,7.0,7.0,13.4,11.2,6.1,,,,,,,,,,,,,,,,,,,,,
547,1993-08-01,6.6,6.8,6.5,12.2,9.5,5.8,,,,,,,,,,,,,,,,,,,,,
548,1993-09-01,6.4,6.6,6.3,12.1,9.7,5.6,,,,,,,,,,,,,,,,,,,,,
549,1993-10-01,6.4,6.5,6.3,11.1,10.9,5.7,,,,,,,,,,,,,,,,,,,,,
550,1993-11-01,6.2,6.2,6.3,12.2,10.5,5.4,,,,,,,,,,,,,,,,,,,,,
551,1993-12-01,6.1,5.8,6.4,11.1,10.2,5.4,,,,,,,,,,,,,,,,,,,,,
552,1994-01-01,7.3,6.7,7.9,13.5,11.6,6.5,,,,,,,,,,,,,,,,,,,,,
553,1994-02-01,7.1,6.4,7.8,13.2,11.1,6.3,,,,,,,,,,,,,,,,,,,,,
554,1994-03-01,6.8,6.4,7.2,12.6,10.5,6.0,,,,,,,,,,,,,,,,,,,,,
555,1994-04-01,6.2,5.9,6.5,11.6,10.5,5.5,,,,,,,,,,,,,,,,,,,,,
556,1994-05-01,5.9,5.8,5.9,11.6,9.0,5.0,,,,,,,,,,,,,,,,,,,,,
557,1994-06-01,6.2,6.5,6.0,12.3,10.1,5.4,,,,,,,,,,,,,,,,,,,,,
558,1994-07-01,6.2,6.4,6.1,11.7,10.5,5.4,,,,,,,,,,,,,,,,,,,,,
559,1994-08-01,5.9,6.3,5.6,11.2,9.6,5.1,,,,,,,,,,,,,,,,,,,,,
560,1994-09-01,5.6,6.0,5.3,10.3,9.7,4.9,,,,,,,,,,,,,,,,,,,,,
561,1994-10-01,5.4,5.6,5.3,10.7,9.0,4.6,,,,,,,,,,,,,,,,,,,,,
562,1994-11-01,5.3,5.4,5.2,10.2,8.6,4.5,,,,,,,,,,,,,,,,,,,,,
563,1994-12-01,5.1,4.8,5.3,9.1,8.9,4.5,,,,,,,,,,,,,,,,,,,,,
564,1995-01-01,6.2,5.8,6.6,10.6,11.3,5.5,,,,,,,,,,,,,,,,,,,,,
565,1995-02-01,5.9,5.5,6.2,10.4,9.8,5.2,,,,,,,,,,,,,,,,,,,,,
566,1995-03-01,5.7,5.4,5.9,9.8,9.5,5.1,,,,,,,,,,,,,,,,,,,,,
567,1995-04-01,5.6,5.5,5.7,10.4,8.7,4.9,,,,,,,,,,,,,,,,,,,,,
568,1995-05-01,5.5,5.3,5.6,9.8,9.1,4.8,,,,,,,,,,,,,,,,,,,,,
569,1995-06-01,5.8,6.1,5.5,11.6,8.9,4.9,,,,,,,,,,,,,,,,,,,,,
570,1995-07-01,5.9,6.3,5.5,11.8,9.2,5.0,,,,,,,,,,,,,,,,,,,,,
571,1995-08-01,5.6,6.0,5.3,11.3,9.5,4.7,,,,,,,,,,,,,,,,,,,,,
572,1995-09-01,5.4,5.8,5.1,10.9,8.7,4.6,,,,,,,,,,,,,,,,,,,,,
573,1995-10-01,5.2,5.5,4.9,9.5,9.0,4.5,,,,,,,,,,,,,,,,,,,,,
574,1995-11-01,5.3,5.2,5.3,9.1,9.1,4.7,,,,,,,,,,,,,,,,,,,,,
575,1995-12-01,5.2,4.9,5.5,9.4,9.0,4.6,,,,,,,,,,,,,,,,,,,,,
576,1996-01-01,6.3,6.0,6.5,10.8,10.4,5.6,,,,,,,,,,,,,,,,,,,,,
577,1996-02-01,6.0,5.5,6.4,10.4,10.4,5.4,,,,,,,,,,,,,,,,,,,,,
578,1996-03-01,5.8,5.3,6.3,10.9,10.3,5.1,,,,,,,,,,,,,,,,,,,,,
579,1996-04-01,5.4,5.1,5.6,10.3,9.3,4.7,,,,,,,,,,,,,,,,,,,,,
580,1996-05-01,5.4,5.4,5.4,10.0,8.8,4.7,,,,,,,,,,,,,,,,,,,,,
581,1996-06-01,5.5,5.7,5.3,11.1,8.6,4.7,,,,,,,,,,,,,,,,,,,,,
582,1996-07-01,5.6,5.9,5.4,11.6,9.2,4.8,,,,,,,,,,,,,,,,,,,,,
583,1996-08-01,5.1,5.7,4.6,10.8,8.8,4.3,,,,,,,,,,,,,,,,,,,,,
584,1996-09-01,5.0,5.3,4.7,10.5,7.9,4.2,,,,,,,,,,,,,,,,,,,,,
585,1996-10-01,4.9,5.2,4.6,10.2,7.7,4.1,,,,,,,,,,,,,,,,,,,,,
586,1996-11-01,5.0,5.2,4.9,10.0,8.0,4.4,,,,,,,,,,,,,,,,,,,,,
587,1996-12-01,5.0,5.0,4.9,9.7,7.1,4.3,,,,,,,,,,,,,,,,,,,,,
588,1997-01-01,5.9,5.6,6.2,11.0,9.2,5.2,,,,,,,,,,,,,,,,,,,,,
589,1997-02-01,5.7,5.5,5.9,11.2,8.8,5.0,,,,,,,,,,,,,,,,,,,,,
590,1997-03-01,5.5,5.2,5.7,10.8,9.1,4.7,,,,,,,,,,,,,,,,,,,,,
591,1997-04-01,4.8,4.6,5.0,9.6,8.0,4.1,,,,,,,,,,,,,,,,,,,,,
592,1997-05-01,4.7,5.1,4.4,10.0,7.1,3.9,,,,,,,,,,,,,,,,,,,,,
593,1997-06-01,5.2,5.4,5.0,11.2,7.4,4.3,,,,,,,,,,,,,,,,,,,,,
594,1997-07-01,5.0,5.4,4.7,10.4,8.2,4.3,,,,,,,,,,,,,,,,,,,,,
595,1997-08-01,4.8,5.3,4.4,9.7,7.2,4.1,,,,,,,,,,,,,,,,,,,,,
596,1997-09-01,4.7,5.1,4.3,9.5,7.1,4.0,,,,,,,,,,,,,,,,,,,,,
597,1997-10-01,4.4,4.5,4.3,9.1,7.5,3.7,,,,,,,,,,,,,,,,,,,,,
598,1997-11-01,4.3,4.4,4.2,8.9,6.5,3.6,,,,,,,,,,,,,,,,,,,,,
599,1997-12-01,4.4,4.2,4.5,9.2,7.1,3.7,,,,,,,,,,,,,,,,,,,,,
600,1998-01-01,5.2,5.0,5.3,9.6,7.8,4.6,,,,,,,,,,,,,,,,,,,,,
601,1998-02-01,5.0,4.8,5.1,9.9,7.5,4.4,,,,,,,,,,,,,,,,,,,,,
602,1998-03-01,5.0,4.8,5.2,9.4,7.7,4.3,,,,,,,,,,,,,,,,,,,,,
603,1998-04-01,4.1,4.2,4.1,8.5,6.5,3.5,,,,,,,,,,,,,,,,,,,,,
604,1998-05-01,4.2,4.4,4.1,8.7,6.3,3.6,,,,,,,,,,,,,,,,,,,,,
605,1998-06-01,4.7,5.0,4.4,9.1,7.2,4.1,,,,,,,,,,,,,,,,,,,,,
606,1998-07-01,4.7,4.9,4.5,10.4,7.5,3.9,,,,,,,,,,,,,,,,,,,,,
607,1998-08-01,4.5,5.0,4.0,9.1,7.4,3.8,,,,,,,,,,,,,,,,,,,,,
608,1998-09-01,4.4,4.6,4.2,9.0,6.9,3.7,,,,,,,,,,,,,,,,,,,,,
609,1998-10-01,4.2,4.5,4.0,8.2,6.9,3.6,,,,,,,,,,,,,,,,,,,,,
610,1998-11-01,4.1,4.4,3.9,8.1,6.7,3.6,,,,,,,,,,,,,,,,,,,,,
611,1998-12-01,4.0,3.8,4.2,7.1,7.5,3.6,,,,,,,,,,,,,,,,,,,,,
612,1999-01-01,4.8,4.6,4.9,7.9,7.4,4.3,,,,,,,,,,,,,,,,,,,,,
613,1999-02-01,4.7,4.5,4.9,8.6,7.2,4.2,,,,,,,,,,,,,,,,,,,,,
614,1999-03-01,4.4,4.5,4.4,8.2,6.4,3.8,,,,,,,,,,,,,,,,,,,,,
615,1999-04-01,4.1,4.2,4.0,7.3,6.7,3.6,,,,,,,,,,,,,,,,,,,,,
616,1999-05-01,4.0,4.0,3.9,7.3,6.1,3.5,,,,,,,,,,,,,,,,,,,,,
617,1999-06-01,4.5,4.8,4.2,7.9,6.5,3.9,,,,,,,,,,,,,,,,,,,,,
618,1999-07-01,4.5,4.9,4.1,9.6,6.6,3.8,,,,,,,,,,,,,,,,,,,,,
619,1999-08-01,4.2,4.6,3.8,8.0,6.5,3.6,,,,,,,,,,,,,,,,,,,,,
620,1999-09-01,4.1,4.4,3.8,8.4,6.4,3.4,,,,,,,,,,,,,,,,,,,,,
621,1999-10-01,3.8,4.0,3.8,7.9,6.2,3.3,,,,,,,,,,,,,,,,,,,,,
622,1999-11-01,3.8,4.0,3.7,7.6,5.7,3.3,,,,,,,,,,,,,,,,,,,,,
623,1999-12-01,3.7,3.5,3.9,7.2,5.7,3.2,,,,,,,,,,,,,,,,,,,,,
624,2000-01-01,4.5,4.3,4.6,8.3,6.2,3.9,4.0,10.3,9.7,7.5,3.6,2.3,11.5,2.7,3.4,2.0,3.9,7.3,3.9,1.8,5.7,5.8,4.7,2.3,5.8,4.3,5.0
625,2000-02-01,4.4,4.2,4.7,8.3,6.1,3.9,3.4,11.5,10.6,7.5,3.4,2.2,12.6,2.8,2.9,1.7,5.5,7.8,3.7,1.7,5.2,5.7,4.7,2.5,5.8,4.0,5.2
626,2000-03-01,4.3,4.3,4.3,7.4,6.7,3.8,4.1,10.4,8.7,7.4,3.6,2.5,11.9,2.6,3.6,1.7,3.7,6.6,3.2,1.8,5.4,5.7,4.8,2.0,5.8,3.5,5.1
627,2000-04-01,3.7,3.7,3.7,6.5,5.3,3.2,3.1,8.9,5.8,6.1,3.7,2.1,9.7,2.3,2.4,1.4,4.1,4.8,3.7,1.6,4.5,5.3,3.7,2.0,4.4,3.4,4.1
628,2000-05-01,3.8,4.1,3.6,7.6,5.3,3.3,3.5,5.1,5.0,6.2,3.4,2.7,6.5,2.2,3.5,1.4,5.3,4.4,3.8,1.8,4.7,4.8,4.2,1.9,5.1,3.4,4.3
629,2000-06-01,4.1,4.5,3.9,8.0,5.5,3.6,4.9,6.7,4.6,7.3,3.1,2.9,7.6,2.5,2.6,1.6,2.6,4.5,3.7,2.1,4.4,4.6,4.3,1.8,5.7,3.2,4.4
630,2000-07-01,4.2,4.6,3.8,8.5,5.9,3.6,4.1,5.0,4.4,6.8,3.6,3.1,4.9,2.2,3.6,1.5,3.6,4.0,4.0,2.5,5.1,5.3,4.0,2.1,5.4,3.9,4.1
631,2000-08-01,4.1,4.6,3.6,8.1,5.9,3.5,3.8,7.0,5.1,6.0,3.4,2.9,8.4,2.5,3.7,1.7,5.1,4.4,3.7,2.6,4.8,5.1,4.5,1.7,4.6,3.4,4.3
632,2000-09-01,3.8,4.1,3.5,7.1,5.5,3.3,3.3,8.2,4.6,5.9,3.4,2.6,9.0,2.2,3.3,1.8,5.8,4.4,3.7,1.9,4.6,4.7,3.8,2.0,4.8,4.0,4.1
633,2000-10-01,3.6,3.7,3.5,7.0,4.9,3.1,3.3,8.0,4.9,6.5,3.6,2.1,8.8,2.6,2.4,1.5,7.8,4.1,3.4,1.8,4.1,4.8,3.7,2.2,4.8,2.8,3.7
634,2000-11-01,3.7,3.8,3.7,7.1,5.7,3.3,3.3,13.3,5.7,6.5,3.4,2.2,15.8,2.1,3.0,1.4,2.0,5.4,3.4,1.5,4.4,4.7,3.6,2.7,5.2,2.3,3.6
635,2000-12-01,3.7,3.4,4.0,6.9,5.6,3.3,2.7,13.9,6.8,5.9,3.3,1.8,18.4,2.3,4.0,1.5,3.8,6.2,3.4,1.4,4.5,4.9,3.3,1.8,4.6,3.1,3.7
636,2001-01-01,4.7,4.3,5.0,8.4,6.4,4.1,3.8,13.8,9.8,7.7,4.6,2.6,18.0,2.6,4.1,1.6,2.3,8.1,3.9,2.1,5.8,6.2,4.9,1.9,5.9,3.6,4.7
637,2001-02-01,4.6,4.2,4.9,7.9,6.6,4.1,3.3,15.1,9.9,7.5,4.6,2.6,20.1,2.6,2.9,1.7,5.3,8.1,3.9,1.6,5.9,6.3,4.6,2.0,6.1,3.4,5.2
638,2001-03-01,4.5,4.2,4.8,8.5,6.8,4.0,3.2,19.2,8.4,7.4,4.9,2.8,22.6,2.4,3.8,2.0,3.0,7.5,4.0,1.8,5.3,6.4,4.5,1.7,5.7,3.5,5.4
639,2001-04-01,4.2,4.0,4.4,7.4,6.0,3.7,3.3,10.4,7.1,6.8,4.4,2.1,12.9,2.6,3.7,1.9,4.7,6.3,3.8,1.7,5.3,5.7,4.6,2.1,4.9,4.2,4.3
640,2001-05-01,4.1,4.1,4.2,7.7,5.7,3.6,3.6,7.7,5.6,6.7,4.7,2.4,9.9,2.2,4.2,1.9,5.9,5.6,3.9,1.8,5.3,5.5,4.5,2.0,4.7,3.1,4.5
641,2001-06-01,4.7,4.8,4.7,8.6,6.6,4.1,4.7,9.7,5.1,7.0,5.0,3.0,12.1,2.8,4.1,2.1,4.7,5.0,4.3,2.3,5.4,6.3,4.6,1.7,5.7,4.3,4.9
642,2001-07-01,4.7,5.0,4.5,8.8,6.2,4.1,4.5,7.6,4.9,6.8,5.6,3.1,9.8,3.3,5.2,2.3,3.1,4.8,3.9,2.8,5.7,6.4,4.4,1.8,5.8,4.2,4.3
643,2001-08-01,4.9,5.2,4.6,9.3,6.5,4.2,5.7,9.3,5.8,6.8,5.5,3.7,10.3,2.9,5.4,2.5,3.3,5.9,4.2,3.2,6.2,6.1,4.8,2.3,5.8,3.9,4.8
644,2001-09-01,4.7,5.0,4.5,8.6,6.3,4.1,5.5,7.2,5.5,8.0,5.4,2.8,8.7,3.1,5.6,2.6,4.2,5.3,4.2,2.6,6.4,6.1,4.6,2.4,6.2,3.9,4.8
645,2001-10-01,5.0,5.0,5.0,9.1,6.9,4.3,5.3,8.7,6.1,8.3,5.8,2.9,9.8,3.3,6.0,2.6,5.4,5.9,4.7,2.5,7.2,6.8,4.9,2.3,6.3,5.8,4.8
646,2001-11-01,5.3,5.1,5.4,9.5,7.1,4.7,5.4,11.6,7.6,8.5,6.0,3.1,12.8,3.6,6.2,2.9,3.6,6.9,4.9,2.5,7.6,7.4,5.2,2.3,6.4,5.4,5.3
647,2001-12-01,5.4,5.1,5.7,9.4,7.7,4.8,5.2,15.1,9.0,8.5,6.3,2.9,17.4,3.0,7.4,2.8,5.3,8.1,4.4,2.7,7.4,7.8,5.3,2.5,6.4,5.6,5.4
648,2002-01-01,6.3,5.7,6.8,10.3,8.7,5.8,5.6,14.8,13.6,8.6,7.4,3.5,17.2,3.0,7.1,3.1,7.0,10.7,5.7,3.0,8.9,9.2,5.5,2.7,7.3,6.6,6.3
649,2002-02-01,6.1,5.6,6.6,10.2,7.6,5.5,5.6,14.8,12.2,8.7,7.0,3.5,17.5,3.5,7.6,2.6,7.5,9.8,5.7,3.0,7.7,8.2,6.4,2.6,7.3,5.7,6.6
650,2002-03-01,6.1,5.5,6.6,10.8,8.0,5.4,5.6,19.6,11.8,8.5,7.3,3.2,23.1,3.2,7.2,2.8,5.3,10.0,5.5,2.9,7.5,8.4,6.4,2.2,6.7,5.6,6.6
651,2002-04-01,5.7,5.5,5.9,10.1,7.6,5.1,5.9,10.8,10.1,8.4,7.2,2.9,12.1,3.3,6.9,2.8,6.1,8.3,5.5,2.5,7.3,8.0,6.5,2.5,6.3,5.0,6.4
652,2002-05-01,5.5,5.5,5.5,9.9,6.4,4.8,5.9,6.8,7.4,8.6,6.6,3.2,7.9,3.8,7.2,3.2,4.9,6.7,5.3,3.1,7.7,7.1,5.8,2.6,6.3,4.5,5.8
653,2002-06-01,6.0,6.1,6.0,10.8,7.2,5.3,6.9,6.3,6.9,8.5,6.6,3.9,8.4,4.1,6.9,3.2,7.1,6.6,5.8,3.4,8.2,7.4,6.0,2.4,6.8,4.9,6.2
654,2002-07-01,5.9,6.2,5.7,10.7,7.4,5.2,6.2,7.3,6.9,8.2,6.6,4.0,8.7,3.8,7.1,3.1,3.9,6.5,5.1,3.7,8.2,7.8,5.9,2.4,6.7,4.9,5.6
655,2002-08-01,5.7,5.9,5.5,10.0,7.4,5.0,6.5,9.0,7.4,7.5,6.2,3.9,10.8,3.8,7.1,3.2,6.3,6.8,5.4,3.6,7.2,6.9,5.9,2.6,6.0,3.9,5.8
656,2002-09-01,5.4,5.4,5.3,9.3,7.0,4.8,5.4,6.3,7.0,7.9,6.1,3.2,7.7,3.3,6.3,3.4,7.9,6.5,5.2,3.2,7.8,6.2,5.7,2.5,6.2,4.2,5.9
657,2002-10-01,5.3,5.4,5.3,9.4,7.6,4.7,5.6,6.6,7.7,8.5,5.9,3.0,7.5,3.5,6.0,3.0,6.4,6.6,5.3,2.7,7.5,6.7,6.0,2.6,6.3,4.7,6.1
658,2002-11-01,5.6,5.4,5.9,10.5,7.6,4.9,5.6,11.1,8.5,8.9,6.3,2.8,13.9,3.7,6.5,3.0,5.4,7.2,5.2,2.8,8.2,7.4,6.1,2.8,6.6,4.2,6.2
659,2002-12-01,5.7,5.1,6.2,10.7,7.9,4.9,5.9,9.8,10.9,8.2,6.6,3.2,10.7,3.6,7.2,3.1,7.8,8.7,5.0,2.6,8.3,8.1,5.0,3.1,6.9,4.6,5.7
660,2003-01-01,6.5,5.6,7.2,10.9,8.8,5.8,5.6,13.2,14.0,9.3,7.2,3.2,14.0,3.6,6.7,3.3,9.0,11.1,5.3,3.2,8.9,9.0,5.8,3.0,7.4,6.3,6.7
661,2003-02-01,6.4,5.6,7.0,11.1,8.3,5.6,6.0,14.7,14.0,10.0,6.7,3.2,16.4,3.4,8.6,2.9,7.1,11.0,5.0,3.2,8.9,8.5,6.3,3.0,7.8,5.8,6.1
662,2003-03-01,6.2,5.6,6.7,10.6,8.3,5.5,6.5,12.9,11.8,8.9,6.8,2.9,13.9,4.0,7.4,3.1,8.2,9.7,5.0,2.8,9.1,8.6,5.7,2.7,7.9,5.9,5.9
663,2003-04-01,5.8,5.3,6.3,10.3,7.2,5.1,5.8,12.0,9.3,8.5,6.7,3.4,12.6,3.6,7.3,2.7,7.7,8.3,5.3,3.0,8.3,8.0,5.3,2.4,7.1,5.0,6.0
664,2003-05-01,5.8,5.5,6.1,10.5,7.4,5.1,5.1,10.2,8.4,7.9,6.5,3.5,12.6,3.6,6.9,3.0,7.5,7.5,5.4,3.0,8.4,8.1,6.0,2.6,6.5,4.9,6.2
665,2003-06-01,6.5,6.4,6.7,12.0,8.2,5.6,7.8,6.9,7.9,8.6,7.0,4.4,7.6,4.0,6.4,3.4,6.8,7.4,6.0,3.6,8.5,8.7,6.6,2.7,6.9,5.5,6.9
666,2003-07-01,6.3,6.3,6.3,12.0,8.2,5.5,6.2,8.2,7.5,8.4,6.9,4.0,9.1,3.1,5.9,3.3,7.9,7.0,5.4,3.9,8.2,8.5,6.1,2.5,6.6,5.4,6.6
667,2003-08-01,6.0,6.2,5.9,11.0,7.6,5.3,5.9,10.7,7.1,9.0,6.7,4.3,11.1,3.7,6.1,3.2,3.8,6.8,5.5,4.0,7.2,7.5,5.8,2.7,6.9,4.8,5.6
668,2003-09-01,5.8,5.8,5.8,10.6,7.0,5.0,6.2,6.2,7.6,8.8,6.8,3.7,7.4,3.3,7.0,3.0,4.6,6.6,5.5,3.4,8.0,6.9,6.4,2.6,6.7,4.7,5.9
669,2003-10-01,5.6,5.5,5.6,10.9,7.1,4.7,6.1,8.5,7.4,8.3,6.0,3.6,8.4,3.3,5.4,3.0,5.6,6.7,4.9,2.9,8.1,6.8,5.9,3.1,7.2,4.8,5.7
670,2003-11-01,5.6,5.2,6.0,10.1,7.3,4.9,5.2,10.3,7.8,9.0,5.9,3.8,11.9,3.3,7.6,2.9,5.9,7.2,4.8,2.8,7.7,7.7,5.3,2.8,7.2,5.1,5.4
671,2003-12-01,5.4,5.0,5.8,9.7,6.5,4.8,5.3,10.9,9.3,8.2,5.9,3.5,15.3,3.0,6.5,2.9,5.6,7.8,4.6,2.7,7.6,7.0,5.2,2.8,6.7,5.0,5.0
672,2004-01-01,6.3,5.8,6.7,10.7,8.3,5.6,5.2,15.1,11.3,10.0,6.4,3.7,17.0,4.3,7.0,2.7,5.8,9.0,5.4,3.1,8.7,8.3,6.3,2.8,8.0,4.6,6.5
673,2004-02-01,6.0,5.5,6.4,10.0,8.1,5.4,4.7,14.2,11.6,8.9,6.3,3.4,16.5,3.8,5.8,2.5,5.0,9.3,4.9,2.9,7.7,8.2,6.2,2.5,7.5,5.5,6.5
674,2004-03-01,6.0,5.6,6.4,10.5,8.0,5.4,4.2,12.7,11.3,9.0,6.3,3.2,17.9,3.7,6.3,2.6,4.4,9.6,5.8,2.7,7.9,7.6,6.2,2.5,7.4,5.4,6.8
675,2004-04-01,5.4,5.1,5.6,9.3,6.7,4.8,4.4,8.3,9.5,7.9,5.8,3.3,10.5,3.4,5.0,2.7,6.4,7.6,5.1,2.5,6.0,7.2,4.8,2.3,6.3,4.5,6.1
676,2004-05-01,5.3,5.1,5.5,9.6,6.3,4.7,4.2,7.4,7.4,8.1,5.6,3.2,8.6,3.3,5.7,3.0,4.3,6.5,5.0,2.6,6.5,7.0,5.0,2.7,6.0,4.4,5.8
677,2004-06-01,5.8,6.0,5.6,10.7,6.5,5.1,5.0,7.6,7.0,9.6,5.6,4.2,8.3,3.6,5.0,2.5,5.0,6.4,5.2,3.2,6.5,7.4,5.8,2.8,6.8,4.3,5.8
678,2004-07-01,5.7,6.1,5.4,12.0,6.9,4.8,4.3,10.0,6.4,7.8,6.0,4.0,10.1,3.3,5.2,2.7,5.4,6.0,5.0,3.4,6.2,7.5,5.7,2.6,6.1,4.3,5.5
679,2004-08-01,5.4,5.6,5.2,10.5,6.7,4.7,3.6,7.0,6.0,8.4,4.9,3.7,7.0,3.4,5.7,2.3,1.9,5.6,4.7,3.3,6.7,6.8,5.3,2.9,6.7,4.4,5.1
680,2004-09-01,5.1,5.2,5.0,9.9,6.6,4.4,4.3,6.4,6.8,7.5,5.0,3.3,7.8,4.0,5.4,2.5,1.5,6.2,5.1,2.6,5.9,6.1,5.1,3.3,6.3,3.9,5.5
681,2004-10-01,5.1,5.1,5.1,10.4,6.4,4.3,4.8,7.7,6.9,7.3,5.3,2.9,9.0,3.8,5.6,2.5,2.6,6.1,5.1,2.3,6.2,6.6,4.8,2.7,6.3,4.0,5.4
682,2004-11-01,5.2,5.0,5.3,10.6,6.6,4.4,4.2,10.5,7.4,7.9,5.4,3.2,13.5,3.1,5.6,2.7,3.3,6.8,4.6,2.2,6.8,6.7,4.8,3.2,6.6,4.0,5.0
683,2004-12-01,5.1,4.7,5.5,10.4,6.6,4.4,4.1,14.0,9.5,7.4,5.1,3.1,17.8,3.1,5.7,2.7,2.5,8.0,4.2,2.4,6.9,7.1,4.6,3.2,5.9,3.8,5.0
684,2005-01-01,5.7,5.2,6.2,11.0,6.9,5.0,4.2,13.2,11.8,8.7,5.3,3.4,17.2,2.7,5.4,2.3,4.9,9.4,5.1,2.5,7.6,7.3,5.6,3.2,7.3,5.0,6.3
685,2005-02-01,5.8,5.2,6.3,11.2,7.0,5.0,4.5,9.9,12.3,8.8,5.3,3.4,10.8,3.2,6.5,2.6,4.0,9.6,5.1,2.4,7.2,7.4,5.5,3.4,7.0,4.4,6.2
686,2005-03-01,5.4,4.9,5.8,10.5,6.1,4.7,3.9,11.8,10.3,8.3,5.3,3.4,13.7,2.7,6.0,2.4,5.2,8.3,4.9,2.2,6.5,7.0,4.8,2.9,6.9,4.8,5.6
687,2005-04-01,4.9,4.9,5.0,9.7,6.0,4.3,3.9,6.9,7.4,7.7,4.8,3.3,8.8,2.7,5.9,2.2,2.9,6.2,4.6,2.2,5.7,6.2,5.0,2.4,6.3,4.7,5.4
688,2005-05-01,4.9,5.0,4.8,9.7,5.4,4.2,3.9,5.3,6.1,7.7,4.5,3.6,6.4,3.1,4.7,2.3,2.4,5.3,4.8,2.4,5.9,5.5,5.1,2.7,6.5,4.1,5.4
689,2005-06-01,5.2,5.5,5.0,10.8,5.6,4.4,4.0,5.2,5.7,7.6,4.4,3.6,6.3,3.3,5.0,2.4,4.0,5.5,4.7,2.7,5.8,6.3,5.2,2.4,6.3,4.5,5.7
690,2005-07-01,5.2,5.7,4.8,10.2,5.5,4.4,5.2,4.7,5.2,7.4,5.3,3.5,4.8,3.3,4.2,2.3,3.7,5.1,4.9,2.9,6.3,6.7,5.3,2.5,5.9,3.9,5.6
691,2005-08-01,4.9,5.2,4.6,9.7,5.7,4.2,3.6,7.1,5.7,6.8,4.7,3.5,7.0,3.2,4.6,2.1,2.0,5.2,4.5,2.7,5.7,6.2,5.1,2.3,5.9,3.3,5.3
692,2005-09-01,4.8,5.1,4.6,9.0,6.2,4.2,4.1,9.5,5.7,7.3,4.7,3.5,10.2,2.7,4.9,2.1,2.0,5.8,4.3,2.4,6.7,6.2,4.9,2.6,6.4,3.7,4.9
693,2005-10-01,4.6,5.0,4.4,8.8,5.6,4.1,3.1,6.7,5.3,6.8,4.8,3.4,7.9,2.7,4.8,2.0,0.3,5.3,4.3,2.3,5.8,6.1,5.0,2.3,5.8,4.4,4.9
694,2005-11-01,4.8,4.9,4.8,10.5,6.0,4.0,3.6,9.6,5.7,8.1,4.9,3.6,11.5,2.8,5.1,2.1,2.9,5.7,4.4,2.1,5.5,6.3,4.7,3.0,6.7,3.5,4.7
695,2005-12-01,4.6,4.4,4.8,8.9,6.1,4.0,3.8,11.1,8.2,7.9,4.5,2.8,13.3,2.1,3.7,1.8,3.5,7.0,3.9,2.1,6.1,6.3,4.5,3.1,6.0,3.6,4.5
696,2006-01-01,5.1,4.9,5.3,9.1,6.4,4.6,3.2,11.5,9.0,8.1,4.6,3.2,15.9,2.4,3.3,2.0,3.9,7.8,4.0,2.2,6.5,7.1,5.5,3.2,6.4,5.0,5.7
697,2006-02-01,5.1,4.7,5.5,9.6,6.0,4.5,3.2,11.8,8.6,9.1,4.9,2.8,13.6,2.8,3.7,2.1,3.8,7.2,4.2,2.1,6.5,7.1,4.9,3.1,7.1,4.6,5.4
698,2006-03-01,4.8,4.5,5.1,9.4,5.5,4.2,3.4,9.8,8.5,8.0,4.1,3.0,12.7,3.1,3.5,2.1,2.1,7.4,4.2,2.0,6.3,5.9,4.7,2.8,6.4,4.7,4.9
699,2006-04-01,4.5,4.4,4.6,8.8,5.0,3.9,3.6,6.2,6.9,7.6,4.5,3.0,8.7,3.1,4.2,2.1,2.5,6.2,4.1,1.8,4.9,6.0,4.2,3.1,6.0,4.8,4.6
700,2006-05-01,4.4,4.3,4.5,8.4,4.4,3.9,3.0,6.0,6.6,7.0,4.1,2.9,7.3,3.0,4.8,2.1,2.8,5.6,4.5,2.0,5.3,5.7,4.3,2.3,5.4,4.0,4.8
701,2006-06-01,4.8,5.0,4.6,9.4,5.1,4.2,3.5,2.4,5.6,7.4,3.8,3.3,4.0,3.1,3.4,1.9,4.3,4.8,4.5,2.7,5.7,5.2,4.8,2.2,5.8,3.9,5.1
702,2006-07-01,5.0,5.3,4.6,10.5,5.3,4.2,2.7,3.6,6.1,6.8,4.4,3.5,5.5,3.4,3.0,2.2,3.5,5.5,4.6,2.7,5.5,6.0,5.2,2.6,5.4,4.2,5.1
703,2006-08-01,4.6,5.0,4.4,8.8,5.3,4.1,2.9,5.3,5.9,6.9,4.1,3.2,6.4,2.7,3.9,2.2,4.3,5.6,4.1,2.5,5.1,5.5,4.4,2.7,5.7,3.7,4.7
704,2006-09-01,4.4,4.8,4.0,8.8,5.2,3.8,2.8,5.9,5.6,6.9,3.8,3.0,7.5,2.4,4.9,2.0,2.1,5.4,4.2,2.2,5.6,4.8,5.0,2.7,5.4,3.1,4.9
705,2006-10-01,4.1,4.3,4.0,8.1,4.4,3.6,2.7,5.8,4.5,6.6,3.7,2.8,8.2,2.1,3.4,1.7,2.2,4.6,3.9,1.9,5.6,5.1,4.6,2.5,5.5,3.6,4.7
706,2006-11-01,4.3,4.4,4.3,8.4,5.0,3.7,3.2,9.6,6.0,7.1,4.3,2.8,13.4,2.3,3.9,1.7,2.9,5.5,4.2,1.8,4.9,5.5,4.3,2.3,5.9,3.1,4.8
707,2006-12-01,4.3,4.0,4.5,7.9,5.0,3.8,2.4,10.4,6.9,5.9,4.0,2.6,13.6,2.3,2.9,1.6,3.4,6.4,3.8,1.8,5.9,6.0,4.0,2.6,5.4,3.2,4.5
708,2007-01-01,5.0,4.6,5.4,8.2,6.4,4.6,3.2,10.0,8.9,7.8,4.6,2.9,13.5,2.4,4.0,1.9,4.7,8.0,4.5,2.1,6.5,6.8,4.9,3.5,6.4,4.2,5.5
709,2007-02-01,4.9,4.2,5.4,8.2,5.8,4.4,2.7,9.6,10.5,7.4,4.7,2.5,13.0,3.1,4.0,2.1,4.5,8.6,4.2,1.7,6.0,6.5,4.7,2.8,6.2,4.2,5.1
710,2007-03-01,4.5,4.1,5.0,8.3,5.4,4.0,3.0,9.7,9.0,7.0,4.5,2.5,12.5,2.6,3.2,2.0,3.2,7.3,3.8,1.7,5.7,6.2,4.3,2.8,5.9,4.3,4.4
711,2007-04-01,4.3,4.1,4.5,7.8,5.2,3.8,3.3,5.7,8.6,6.9,4.6,2.9,8.2,2.4,2.4,1.9,2.3,6.4,3.4,1.7,5.0,5.9,4.6,2.2,5.4,3.3,4.2
712,2007-05-01,4.3,4.1,4.4,8.1,5.3,3.7,2.9,5.1,6.9,6.8,3.9,3.3,6.8,2.9,3.3,2.0,3.0,5.8,3.8,1.9,5.4,5.1,4.4,2.5,5.6,3.8,3.9
713,2007-06-01,4.7,4.8,4.7,9.0,5.5,4.2,3.1,4.5,5.9,7.2,4.0,3.4,7.3,3.1,3.4,2.0,4.3,5.2,3.8,2.6,5.2,5.3,4.9,2.3,5.9,4.1,4.6
714,2007-07-01,4.9,5.2,4.6,8.9,6.0,4.3,3.0,3.1,5.9,7.3,3.7,3.5,5.0,3.1,3.4,1.7,4.3,5.3,4.3,3.1,5.2,6.0,5.2,2.9,5.7,5.1,5.2
715,2007-08-01,4.6,5.0,4.3,7.7,5.4,4.2,3.4,4.7,5.3,7.1,3.6,3.4,6.9,3.7,4.1,2.4,4.6,5.0,4.2,2.8,4.9,5.2,4.7,2.9,5.8,3.4,5.1
716,2007-09-01,4.5,4.6,4.4,7.9,5.6,4.1,3.2,4.3,5.8,7.4,4.1,3.2,5.7,3.3,3.7,1.8,3.2,5.3,3.7,2.2,4.7,5.9,5.2,2.8,5.8,3.7,5.1
717,2007-10-01,4.4,4.4,4.4,8.2,5.3,3.8,3.7,4.0,6.1,7.5,4.3,2.7,4.6,3.2,3.7,1.7,1.3,5.1,3.8,2.3,4.8,5.6,4.8,3.1,5.8,3.6,4.4
718,2007-11-01,4.5,4.5,4.5,8.3,5.6,3.9,3.6,6.6,6.2,8.1,4.5,2.7,8.4,2.7,4.0,1.7,2.3,5.6,4.0,1.9,4.8,5.7,4.4,3.2,6.5,3.9,4.3
719,2007-12-01,4.8,4.4,5.1,8.6,6.3,4.3,3.7,7.5,9.4,7.9,4.6,2.6,9.8,3.2,3.7,2.1,3.4,7.7,3.9,1.9,5.7,6.0,5.1,3.2,6.3,3.4,4.8
720,2008-01-01,5.4,4.8,5.9,9.4,7.2,4.9,3.2,9.5,11.0,9.4,5.1,2.9,11.0,3.0,5.1,2.3,4.0,8.9,4.4,2.1,6.4,7.3,5.2,3.3,7.0,4.4,5.4
721,2008-02-01,5.2,4.6,5.7,8.4,6.9,4.8,3.0,10.9,11.4,8.5,5.0,2.9,12.1,3.4,5.8,2.3,2.2,9.1,4.4,2.1,6.2,6.6,5.2,3.2,6.7,4.6,4.9
722,2008-03-01,5.2,4.7,5.7,9.0,7.3,4.7,3.6,13.2,12.0,7.6,5.0,3.1,14.2,3.4,4.8,2.2,3.7,9.8,4.5,2.0,6.2,6.8,4.8,3.3,6.3,4.3,4.9
723,2008-04-01,4.8,4.4,5.0,8.2,6.6,4.2,3.2,8.6,11.1,6.9,4.8,2.8,10.5,3.4,4.4,2.1,3.6,8.6,4.2,2.0,5.3,6.4,4.3,3.2,5.5,4.0,4.5
724,2008-05-01,5.2,5.1,5.4,9.4,6.4,4.6,3.8,7.4,8.6,8.4,5.3,3.2,7.3,3.7,5.0,2.7,3.4,7.5,4.5,2.5,5.9,6.3,5.1,3.4,6.3,4.3,5.2
725,2008-06-01,5.7,5.7,5.8,9.8,7.6,5.1,4.5,6.1,8.2,8.9,5.2,3.4,5.5,3.4,4.7,2.5,3.3,7.3,4.8,2.9,6.2,7.3,5.6,3.3,6.5,5.1,5.7
726,2008-07-01,6.0,6.0,6.1,10.9,7.6,5.4,4.0,8.5,8.0,8.8,5.5,3.9,7.9,3.6,4.1,2.6,1.5,7.5,5.4,3.2,6.1,7.2,6.2,3.1,6.8,5.7,6.5
727,2008-08-01,6.1,6.4,5.8,10.7,8.0,5.4,4.4,7.6,8.2,8.7,5.7,4.3,7.9,4.2,4.2,2.8,1.9,7.3,5.6,3.6,6.9,7.6,6.3,3.5,7.0,5.2,6.6
728,2008-09-01,6.0,5.6,6.2,11.2,7.6,5.2,3.8,5.8,9.9,8.2,6.0,4.1,8.0,4.0,5.0,2.8,2.8,7.9,5.4,2.8,6.9,8.7,5.7,3.9,6.9,5.8,6.2
729,2008-10-01,6.1,5.7,6.5,11.0,8.4,5.5,3.8,7.1,10.8,8.9,6.2,3.9,9.5,4.5,5.0,3.0,1.7,8.7,5.7,3.0,7.5,8.4,6.1,3.9,6.8,5.7,6.3
730,2008-11-01,6.5,5.9,6.9,11.2,8.5,5.8,4.8,9.5,12.7,9.9,7.0,3.6,10.4,5.2,5.2,3.6,3.7,9.9,5.8,3.0,7.0,9.2,6.5,4.1,7.2,5.8,6.7
731,2008-12-01,7.1,6.0,8.1,11.7,9.4,6.5,5.1,17.0,15.3,9.5,8.3,3.8,18.3,5.6,6.9,3.9,5.2,12.7,6.1,2.9,8.1,10.1,7.0,5.5,7.8,6.7,7.2
732,2009-01-01,8.5,7.0,9.7,13.4,11.0,7.8,6.2,18.7,18.2,11.5,10.9,3.8,23.3,6.0,7.4,4.6,7.0,15.5,7.2,3.7,10.4,12.9,7.7,6.5,9.1,8.4,8.7
733,2009-02-01,8.9,7.2,10.4,13.8,12.1,8.2,6.9,18.8,21.4,11.4,11.5,4.1,22.5,6.7,7.1,4.5,7.6,17.7,7.7,3.5,10.8,13.1,8.4,5.7,9.1,9.1,8.9
734,2009-03-01,9.0,7.3,10.6,13.5,12.2,8.5,6.4,19.0,21.1,11.6,12.2,4.5,21.2,6.8,7.8,4.5,12.6,17.1,7.6,3.9,11.4,13.7,8.9,5.9,9.4,9.0,9.0
735,2009-04-01,8.6,7.1,9.9,14.4,10.9,7.8,6.6,13.5,18.7,10.2,12.4,4.6,15.2,6.0,10.1,4.4,16.1,15.3,7.5,3.6,10.4,13.6,8.6,4.6,8.7,9.0,9.0
736,2009-05-01,9.1,7.7,10.2,14.7,11.8,8.3,6.7,10.0,19.2,11.9,12.6,4.9,10.0,5.7,9.5,4.6,13.3,15.1,8.0,4.2,10.9,13.7,8.9,5.0,9.4,8.5,9.0
737,2009-06-01,9.7,8.9,10.4,15.3,12.1,8.8,8.2,12.3,17.4,12.1,12.6,6.1,13.2,5.5,11.1,4.8,13.6,14.2,8.2,5.1,11.3,13.9,9.1,4.4,10.2,8.4,9.1
738,2009-07-01,9.7,9.2,10.2,15.9,12.5,8.8,8.3,12.1,18.2,11.2,12.4,6.1,12.9,6.1,11.5,4.9,12.6,14.7,8.9,6.0,10.9,13.3,8.3,5.2,9.6,8.8,9.0
739,2009-08-01,9.6,8.9,10.1,15.0,13.0,8.8,7.5,13.1,16.5,12.0,11.8,6.0,15.6,6.0,10.7,5.0,11.8,13.8,8.7,5.6,11.0,13.5,8.7,5.3,10.0,9.8,8.8
740,2009-09-01,9.5,8.6,10.2,15.3,12.2,8.6,7.4,11.1,17.1,11.4,11.9,6.0,14.6,7.1,11.2,5.2,10.7,14.3,9.4,5.2,11.3,13.1,8.9,5.9,9.4,9.5,9.0
741,2009-10-01,9.5,8.5,10.3,15.3,12.4,8.7,7.5,11.8,18.7,12.4,12.2,6.0,13.3,7.0,8.2,5.4,10.8,15.5,9.2,4.2,10.3,13.0,9.5,5.9,10.0,8.6,9.6
742,2009-11-01,9.4,8.2,10.4,15.2,12.2,8.6,7.3,12.6,19.4,11.9,12.5,5.5,12.1,6.7,7.6,5.4,12.0,15.8,8.5,4.1,10.6,12.8,9.1,5.7,9.7,8.5,9.2
743,2009-12-01,9.7,8.1,11.1,15.6,12.9,8.8,8.4,19.7,22.7,12.6,11.9,5.6,21.8,7.2,8.5,5.2,11.8,18.2,8.5,4.2,10.3,13.4,8.9,5.9,10.2,9.0,9.1
744,2010-01-01,10.6,8.5,12.3,17.3,13.9,9.6,8.4,21.3,24.7,14.2,13.0,5.5,25.9,6.6,10.0,5.2,9.1,19.9,9.0,4.9,11.1,15.2,10.1,7.2,11.4,11.3,10.5
745,2010-02-01,10.4,8.5,12.2,16.2,13.4,9.7,8.4,18.8,27.1,12.7,12.1,5.6,22.7,7.5,10.0,5.1,10.7,20.8,8.9,4.6,12.0,15.2,10.2,6.5,10.7,10.5,10.0
746,2010-03-01,10.2,8.3,11.8,16.6,13.3,9.3,7.5,18.0,24.9,12.5,12.6,5.2,21.8,7.7,10.4,5.4,10.1,19.2,8.5,4.3,12.4,15.9,9.7,6.2,10.3,9.7,10.1
747,2010-04-01,9.5,8.2,10.6,15.9,11.9,8.6,6.8,15.0,21.8,12.8,11.1,5.0,16.7,7.6,9.4,5.1,9.4,17.0,8.2,4.1,11.1,13.5,9.2,5.6,10.0,9.1,9.5
748,2010-05-01,9.3,8.5,10.1,15.3,11.5,8.5,7.5,10.8,20.1,12.4,10.3,5.4,13.3,6.8,9.8,4.9,6.2,15.4,8.1,4.3,11.5,12.9,9.6,5.6,9.9,7.8,9.8
749,2010-06-01,9.6,8.8,10.3,15.6,12.3,8.7,7.7,11.7,20.1,12.3,9.9,6.2,14.2,6.9,8.8,4.8,8.2,15.0,8.6,5.0,10.3,12.0,9.4,5.0,9.6,7.2,9.3
750,2010-07-01,9.7,9.4,10.0,16.6,12.2,8.7,8.2,8.7,17.3,11.4,10.0,6.6,10.9,6.4,10.6,4.7,10.1,13.2,8.9,5.2,10.0,12.1,10.1,5.8,10.3,9.2,9.8
751,2010-08-01,9.5,9.3,9.8,16.3,11.9,8.6,7.2,7.9,17.0,10.8,9.5,6.7,9.6,6.7,9.7,4.9,10.9,13.5,9.2,5.3,10.5,10.9,9.0,6.1,10.6,7.3,9.3
752,2010-09-01,9.2,8.7,9.6,15.9,11.9,8.3,6.4,11.1,17.2,11.4,9.6,6.3,11.9,6.3,10.8,4.3,8.2,14.2,9.1,4.4,9.9,11.1,9.4,5.6,10.4,7.1,9.6
753,2010-10-01,9.0,8.6,9.4,15.2,12.0,8.1,7.1,11.0,17.3,11.1,9.5,5.8,12.5,6.7,9.8,5.0,10.4,13.6,8.9,4.1,10.6,11.0,9.1,5.4,10.1,6.9,9.2
754,2010-11-01,9.3,8.6,9.9,15.4,12.7,8.4,7.6,14.5,18.8,12.4,9.9,5.9,16.9,6.7,8.8,5.5,8.5,15.1,8.8,4.1,10.6,11.8,8.8,5.8,10.2,7.6,9.0
755,2010-12-01,9.1,8.0,10.2,15.2,13.0,8.3,7.2,18.1,20.7,12.0,10.0,5.2,22.5,6.4,8.1,5.7,10.8,16.0,8.3,3.8,10.2,11.9,8.3,6.5,9.8,7.4,8.2
756,2011-01-01,9.8,8.6,10.8,16.5,13.2,8.8,6.9,16.0,22.5,13.8,9.9,5.8,20.7,7.2,7.3,5.3,8.5,17.7,8.9,4.3,10.2,12.9,9.3,6.8,10.4,8.8,9.1
757,2011-02-01,9.5,8.4,10.5,15.6,12.5,8.7,6.8,18.4,21.8,13.8,9.9,5.6,21.9,6.9,6.7,4.9,5.6,16.8,8.5,4.1,10.1,12.9,9.0,5.9,10.7,9.0,9.2
758,2011-03-01,9.2,8.0,10.2,15.5,11.9,8.3,7.1,14.5,20.0,13.2,9.7,5.3,20.4,7.1,7.6,4.8,5.9,16.4,8.4,3.9,10.0,12.2,8.8,5.3,10.2,9.6,8.8
759,2011-04-01,8.7,7.9,9.3,15.8,11.2,7.7,6.4,13.7,17.8,11.7,9.4,5.0,19.3,6.7,7.1,4.6,3.5,14.2,7.9,3.5,9.1,11.9,8.5,5.5,9.6,8.4,8.8
760,2011-05-01,8.7,8.3,9.2,16.0,11.1,7.7,7.0,8.7,16.3,10.6,9.6,5.7,10.2,6.8,7.3,4.9,3.8,12.8,8.3,4.0,9.8,11.3,9.4,6.1,9.5,8.0,9.0
761,2011-06-01,9.3,9.1,9.6,16.5,11.5,8.2,6.8,9.0,15.6,10.9,9.2,5.8,11.3,6.8,7.9,4.6,5.2,12.5,8.8,4.9,9.1,11.4,9.7,5.7,9.6,8.2,9.7
762,2011-07-01,9.3,9.4,9.2,16.8,11.3,8.2,7.7,9.8,13.6,10.9,9.2,5.9,11.9,6.0,7.6,4.6,6.0,11.5,8.7,5.3,9.4,11.2,9.4,6.4,9.8,7.8,9.4
763,2011-08-01,9.1,9.2,9.0,17.0,11.1,7.9,7.1,8.0,13.5,10.5,8.9,6.3,10.9,6.2,6.9,4.6,5.8,11.3,9.0,5.1,9.5,11.2,8.6,6.4,10.3,8.7,9.1
764,2011-09-01,8.8,8.8,8.8,15.9,10.8,7.6,7.8,11.1,13.3,11.3,8.4,5.7,11.2,5.5,7.4,4.6,6.2,11.1,8.7,4.4,10.1,10.7,9.4,6.4,10.0,7.8,9.2
765,2011-10-01,8.5,8.3,8.7,14.3,11.0,7.6,7.3,13.4,13.7,10.8,7.7,5.6,14.5,5.8,6.6,4.7,7.8,11.7,8.6,4.1,10.1,9.9,8.2,6.1,9.9,7.8,8.6
766,2011-11-01,8.2,7.9,8.4,14.9,11.1,7.2,6.5,14.9,13.1,11.1,7.7,5.2,15.8,6.1,7.4,4.6,8.3,11.0,8.5,4.0,9.0,9.8,7.8,5.2,9.5,7.2,8.4
767,2011-12-01,8.3,7.7,8.8,15.2,11.1,7.2,6.8,14.3,16.0,10.8,7.9,5.5,18.2,5.6,7.7,4.4,6.9,12.8,8.0,4.0,9.3,10.4,7.7,5.5,9.3,7.0,8.2
768,2012-01-01,8.8,8.3,9.3,14.2,11.5,8.0,6.7,17.6,17.7,12.6,8.4,5.5,22.3,4.9,7.9,4.5,9.4,14.6,8.2,4.2,9.5,10.8,8.2,5.8,10.6,7.0,9.3
769,2012-02-01,8.7,8.1,9.3,14.1,11.4,7.9,6.3,19.5,17.1,11.6,8.4,5.4,19.9,5.3,8.4,4.4,7.2,14.0,8.0,4.1,10.3,11.3,7.9,5.9,10.2,7.6,8.9
770,2012-03-01,8.4,7.7,8.9,13.7,10.8,7.5,6.2,15.7,17.2,10.9,7.6,5.3,19.8,5.7,8.0,4.4,6.3,13.6,8.0,4.0,9.7,10.4,8.1,5.5,8.9,6.7,8.6
771,2012-04-01,7.7,7.4,8.0,12.5,9.8,7.1,5.2,16.0,14.5,9.8,6.9,4.8,17.6,5.5,8.3,4.0,4.2,11.5,7.6,3.5,8.5,9.7,7.6,4.9,8.8,7.6,7.9
772,2012-05-01,7.9,7.7,8.1,13.3,10.4,7.2,5.2,9.5,14.2,9.7,7.1,5.3,10.7,5.1,7.8,4.1,4.5,11.1,7.8,4.0,8.5,9.4,7.9,4.9,8.8,7.8,8.1
773,2012-06-01,8.4,8.4,8.4,14.8,11.0,7.5,6.3,8.4,12.8,9.8,6.9,6.2,10.3,5.6,7.1,3.8,4.8,10.0,7.9,4.8,8.9,9.8,8.4,5.0,9.0,7.2,8.3
774,2012-07-01,8.6,9.0,8.2,15.0,10.3,7.6,6.2,7.9,12.3,9.7,7.2,6.5,10.2,5.1,6.7,3.8,7.6,10.4,7.7,5.5,9.1,9.8,8.3,5.9,9.1,6.5,8.6
775,2012-08-01,8.2,8.4,8.0,14.5,10.1,7.2,5.9,8.1,11.3,10.1,7.3,6.2,10.9,5.3,7.3,3.7,5.8,9.9,7.7,5.2,8.9,10.2,8.6,5.3,8.5,7.1,8.3
776,2012-09-01,7.6,7.6,7.6,13.4,9.4,6.8,4.8,10.0,11.9,9.7,6.7,5.5,9.5,4.8,7.3,3.5,4.9,10.5,7.2,4.3,8.2,8.8,7.9,4.9,8.5,6.3,8.0
777,2012-10-01,7.5,7.6,7.5,13.8,9.7,6.6,4.9,9.5,11.4,9.9,7.0,5.5,10.9,4.9,7.7,3.6,6.1,10.1,7.3,3.9,8.1,9.0,7.0,5.3,9.1,6.6,7.1
778,2012-11-01,7.4,7.2,7.5,12.7,9.8,6.4,6.4,13.6,12.2,10.3,6.4,5.2,15.5,4.7,6.8,3.8,5.6,10.5,7.1,3.5,7.9,8.7,7.3,5.4,8.6,6.6,7.1
779,2012-12-01,7.6,7.3,7.9,13.7,9.6,6.6,6.6,15.1,13.5,10.8,7.5,5.2,18.3,4.1,8.0,4.1,6.3,11.8,7.0,3.8,8.7,9.5,7.0,5.6,9.0,6.1,7.0
780,2013-01-01,8.5,7.9,9.0,14.3,10.5,7.6,6.5,13.1,16.1,12.0,7.9,5.4,18.5,5.5,8.2,4.0,9.6,13.3,8.4,3.8,10.4,11.1,8.5,5.8,10.0,7.7,8.2
781,2013-02-01,8.1,7.6,8.5,13.8,10.3,7.2,6.1,13.6,15.7,11.2,7.2,5.3,16.1,4.5,5.2,3.9,4.8,12.2,7.6,3.8,9.6,10.0,8.2,5.6,9.8,7.5,8.3
782,2013-03-01,7.6,7.2,8.0,12.8,9.5,6.9,5.0,13.5,14.7,10.8,6.4,5.0,15.3,4.3,5.2,3.5,6.1,11.8,7.4,3.6,8.9,9.4,7.7,5.6,8.8,7.6,7.5
783,2013-04-01,7.1,6.7,7.5,12.4,8.4,6.4,5.1,9.1,13.2,9.6,6.4,4.4,10.8,5.4,5.4,3.5,6.1,10.5,6.9,3.4,8.1,8.7,6.9,4.5,8.2,5.7,7.4
784,2013-05-01,7.3,6.8,7.6,13.2,8.6,6.5,4.3,6.8,10.8,10.4,6.8,4.8,5.9,4.4,6.4,3.8,5.9,9.1,6.8,3.3,8.0,9.3,7.1,5.3,8.8,6.0,7.3
785,2013-06-01,7.8,7.8,7.8,14.3,9.1,6.8,5.0,8.2,9.8,10.7,6.4,5.6,7.9,4.7,5.6,3.5,6.4,8.9,7.0,4.6,8.2,8.7,6.7,5.0,9.3,6.3,7.0
786,2013-07-01,7.7,7.8,7.6,13.4,9.5,6.8,5.7,6.5,9.1,10.0,6.9,5.7,6.3,4.5,5.8,3.1,5.1,8.4,6.9,4.7,8.1,9.2,6.9,5.0,8.8,6.4,6.8
787,2013-08-01,7.3,7.3,7.4,13.5,9.2,6.4,5.1,9.4,9.1,9.3,6.2,5.4,10.0,3.8,6.6,3.4,5.3,8.7,7.1,4.0,8.0,8.5,7.2,5.1,8.4,6.8,7.2
788,2013-09-01,7.0,6.7,7.3,12.9,8.5,6.1,5.3,9.4,8.5,9.0,6.9,5.2,10.3,3.9,6.6,3.3,4.7,8.2,7.1,3.6,7.5,8.7,7.5,5.5,8.0,6.0,7.3
789,2013-10-01,7.0,6.8,7.1,12.7,8.8,6.0,5.2,10.7,9.0,8.8,6.2,4.2,12.8,4.6,7.9,3.7,6.1,8.8,7.0,3.1,7.5,8.7,7.3,5.1,7.9,6.4,6.8
790,2013-11-01,6.6,6.3,6.9,11.9,8.6,5.7,5.3,9.7,8.6,9.0,6.2,3.9,11.9,4.3,6.4,3.2,5.9,8.6,6.7,2.9,7.5,8.5,7.0,5.3,7.8,6.7,7.0
791,2013-12-01,6.5,6.1,6.8,11.6,8.3,5.7,4.1,12.0,11.4,9.0,5.5,4.0,13.4,4.2,4.8,3.1,3.6,9.5,6.4,2.7,7.3,8.1,6.3,5.3,7.6,6.2,6.2
792,2014-01-01,7.0,6.5,7.5,12.6,9.1,6.2,4.8,13.0,12.3,9.5,5.6,4.1,14.2,3.8,6.6,3.4,6.5,10.2,6.8,2.9,8.4,9.0,7.5,5.2,8.5,6.8,7.8
793,2014-02-01,7.0,6.3,7.6,12.0,8.7,6.2,6.0,11.4,12.8,10.3,5.5,4.0,11.3,4.2,4.8,3.6,8.0,10.2,6.3,3.0,8.6,9.0,7.7,5.0,8.3,6.6,7.6
794,2014-03-01,6.8,6.4,7.1,12.1,8.1,5.9,5.4,14.9,11.3,10.2,5.4,4.0,18.7,4.2,5.1,3.5,5.3,10.0,6.2,3.1,8.1,8.6,6.8,4.9,8.0,6.8,6.8
795,2014-04-01,5.9,5.6,6.1,10.7,6.7,5.0,5.7,11.0,9.4,8.0,5.2,3.7,14.0,5.0,5.7,3.2,3.8,8.1,5.7,2.6,6.8,7.8,5.8,3.2,6.5,6.0,5.9
796,2014-05-01,6.1,5.9,6.2,11.2,7.2,5.2,5.3,7.4,8.6,8.1,5.3,3.9,9.8,4.8,5.5,3.3,2.6,7.5,5.8,2.9,6.5,7.2,6.8,4.8,6.9,5.2,6.4
797,2014-06-01,6.3,6.3,6.3,11.1,7.8,5.5,5.1,4.7,8.2,8.6,4.4,4.5,6.4,4.4,5.2,2.8,2.5,7.3,5.6,4.0,6.6,6.9,6.1,4.6,6.9,5.4,5.8
798,2014-07-01,6.5,6.9,6.2,12.2,7.9,5.6,4.5,5.7,7.5,8.1,5.2,4.8,7.4,3.6,4.5,2.7,3.0,6.9,5.9,4.1,6.7,7.7,6.2,4.4,7.3,6.0,6.2
799,2014-08-01,6.3,6.6,6.0,12.0,7.5,5.3,4.5,8.1,7.7,8.1,5.0,4.8,8.6,3.5,4.5,2.6,6.3,7.4,6.0,3.9,6.5,7.2,5.6,4.8,7.6,6.3,5.8
800,2014-09-01,5.7,6.0,5.5,10.8,6.5,4.9,4.3,7.5,7.0,8.3,4.5,3.9,10.5,3.5,4.4,2.4,6.1,6.4,6.1,3.1,6.4,6.5,5.4,4.1,7.4,5.3,6.1
801,2014-10-01,5.5,5.8,5.3,10.7,6.5,4.6,5.0,7.6,6.4,8.5,4.3,4.4,10.2,3.6,4.7,2.7,4.5,6.5,5.2,2.7,6.5,6.2,5.2,3.8,7.4,4.5,5.1
802,2014-11-01,5.5,5.4,5.6,10.6,6.5,4.6,4.8,11.2,7.5,8.2,4.2,4.0,13.4,3.5,5.6,2.7,2.8,7.1,5.3,2.9,6.1,6.2,5.3,4.3,6.8,5.0,4.9
803,2014-12-01,5.4,4.9,5.7,10.2,6.4,4.6,4.2,12.1,8.3,7.5,3.9,3.8,16.9,3.4,5.7,2.5,4.1,8.1,4.8,2.8,5.8,6.1,5.0,4.2,6.7,4.2,5.3
804,2015-01-01,6.1,5.6,6.5,10.7,7.5,5.3,4.1,13.3,9.8,9.4,5.2,4.0,17.7,3.0,4.4,3.0,6.0,9.9,5.3,2.9,6.8,7.2,5.8,4.7,7.6,5.2,6.2
805,2015-02-01,5.8,5.3,6.3,10.4,7.3,5.1,4.1,12.7,10.6,8.8,5.2,3.5,15.0,3.1,4.5,2.8,8.6,9.9,5.0,2.7,5.8,7.3,5.2,5.1,7.4,5.0,5.7
806,2015-03-01,5.6,5.1,6.0,10.0,7.0,4.9,3.1,14.9,9.5,8.6,4.8,3.3,15.7,2.6,3.0,2.6,8.0,9.2,5.4,2.2,6.5,7.3,5.8,4.5,6.6,4.3,6.0
807,2015-04-01,5.1,4.9,5.2,8.9,6.3,4.4,4.2,12.2,7.5,7.8,4.0,3.1,10.9,2.7,3.2,2.6,8.7,7.5,4.9,2.3,5.3,5.8,5.5,4.2,6.4,4.4,5.6
808,2015-05-01,5.3,5.2,5.4,10.0,6.3,4.5,3.9,9.2,6.7,7.9,4.6,3.5,9.3,2.3,3.3,2.9,7.2,6.6,4.9,2.1,6.1,6.5,5.8,4.1,6.6,4.2,6.0
809,2015-06-01,5.5,5.5,5.4,9.8,6.8,4.8,4.1,7.6,6.3,7.5,3.9,4.2,6.7,2.5,3.9,2.4,8.9,6.2,4.4,3.2,5.2,6.0,5.6,3.6,6.3,4.5,5.7
810,2015-07-01,5.6,6.0,5.2,9.7,7.0,4.9,4.2,5.0,5.5,7.7,4.3,4.3,6.2,2.3,4.1,2.3,8.1,5.4,4.8,3.6,5.4,6.5,5.8,3.3,6.7,5.1,5.8
811,2015-08-01,5.2,5.5,4.9,9.9,6.6,4.5,3.4,5.3,6.1,7.2,4.0,4.1,5.1,2.5,5.2,2.2,8.0,5.5,4.6,3.3,5.4,5.8,5.4,3.2,6.4,4.0,5.1
812,2015-09-01,4.9,5.0,4.8,9.1,5.9,4.2,3.5,4.0,5.5,7.5,4.1,3.5,5.7,2.6,4.7,2.4,11.2,5.6,4.7,2.4,5.3,5.1,5.6,3.8,6.6,3.4,5.4
813,2015-10-01,4.8,4.9,4.8,9.1,6.0,4.1,3.5,7.4,6.2,8.0,4.0,3.4,11.0,2.4,3.0,2.2,9.4,5.9,4.4,2.2,5.4,5.8,5.3,3.3,6.5,4.1,5.0
814,2015-11-01,4.8,4.7,4.9,9.1,6.3,4.1,3.9,10.2,6.2,7.4,4.0,3.2,13.8,2.6,4.3,2.1,8.5,6.3,4.2,2.2,5.2,6.0,5.1,3.4,6.5,4.3,5.0
815,2015-12-01,4.8,4.4,5.1,8.1,6.2,4.2,4.0,11.7,7.5,7.4,4.0,3.1,14.7,2.6,2.9,1.9,11.2,7.9,3.8,2.1,5.2,5.8,4.8,3.5,6.7,4.0,4.9
816,2016-01-01,5.3,5.1,5.5,9.1,6.6,4.7,3.7,13.0,8.5,7.7,4.3,3.2,15.5,3.1,4.6,2.3,8.1,8.6,5.5,2.4,5.6,6.9,5.0,4.0,6.4,5.1,6.0
817,2016-02-01,5.2,4.8,5.5,8.9,5.9,4.6,3.9,10.8,8.7,7.1,4.7,3.0,13.0,3.6,3.7,2.6,9.2,8.4,5.5,2.2,5.8,6.3,4.4,4.2,6.5,4.4,5.3
818,2016-03-01,5.1,4.9,5.3,9.0,5.7,4.4,3.9,10.7,8.7,7.2,4.3,3.4,12.8,3.0,4.4,2.5,9.8,8.4,5.3,2.3,5.5,6.1,4.4,4.0,6.5,3.9,5.1
819,2016-04-01,4.7,4.6,4.8,8.2,5.6,4.1,3.6,8.9,6.0,6.5,4.5,2.7,9.9,2.7,4.8,2.4,9.5,6.4,4.8,1.8,5.2,6.3,5.2,3.1,5.4,4.6,5.3
820,2016-05-01,4.5,4.5,4.6,8.0,5.2,3.9,3.9,6.5,5.2,6.6,4.7,2.9,8.4,1.8,5.2,2.4,11.1,5.6,3.8,2.0,4.3,6.1,5.1,3.2,5.4,3.9,5.0
821,2016-06-01,5.1,5.2,5.0,8.8,6.0,4.5,3.7,8.6,4.6,6.6,3.7,3.6,10.8,2.2,4.7,2.5,11.5,5.5,4.0,3.1,4.7,5.9,4.9,3.8,5.7,4.0,4.7
822,2016-07-01,5.1,5.3,5.0,8.9,5.6,4.5,4.1,5.5,4.5,6.0,4.3,3.7,7.5,2.4,5.7,2.4,9.3,5.0,4.6,3.4,4.7,6.8,4.9,3.7,5.4,4.9,5.2
823,2016-08-01,5.0,5.3,4.7,8.4,5.6,4.4,4.2,3.7,5.1,6.6,4.2,4.1,5.1,2.8,5.0,2.5,5.4,5.1,4.0,3.5,4.4,6.4,4.8,3.7,5.6,5.0,4.9
824,2016-09-01,4.8,4.8,4.8,8.2,6.1,4.2,3.8,8.1,5.2,6.5,4.2,3.7,9.1,3.0,5.2,2.8,5.7,5.2,4.1,2.6,5.3,6.1,5.2,3.9,5.9,4.3,5.0
825,2016-10-01,4.7,4.6,4.7,8.4,5.5,4.1,3.3,5.3,5.7,6.7,4.3,3.4,7.0,2.7,4.1,2.5,5.8,5.9,4.0,2.4,5.5,5.6,4.4,4.5,6.1,3.7,4.4
826,2016-11-01,4.4,4.3,4.6,7.8,5.6,3.9,3.0,9.6,5.7,7.1,3.9,3.1,12.3,2.8,4.2,2.3,4.7,5.8,3.9,2.2,4.5,5.4,4.6,3.8,5.6,3.2,4.4
827,2016-12-01,4.5,4.1,4.8,7.4,5.9,4.1,2.6,11.2,7.4,6.4,4.0,2.9,15.5,2.6,3.1,2.4,3.7,7.2,3.8,2.1,5.3,5.9,4.6,3.6,5.3,3.6,4.6
828,2017-01-01,5.1,4.9,5.4,7.9,6.6,4.7,3.8,12.4,9.4,7.9,4.2,2.7,15.1,3.3,4.9,2.5,6.8,8.3,4.8,2.2,5.7,6.7,5.2,3.8,6.3,4.7,5.5
829,2017-02-01,4.9,4.6,5.3,8.3,6.0,4.4,3.5,8.5,8.8,7.0,4.0,3.2,8.9,3.4,3.9,2.4,4.6,7.8,4.9,1.9,5.5,6.7,4.3,3.5,6.7,5.2,5.4
830,2017-03-01,4.6,4.1,4.9,8.1,5.2,4.0,3.2,7.7,8.4,6.3,3.9,2.8,9.9,2.3,4.0,2.4,4.1,7.7,4.4,1.8,5.5,5.8,3.9,3.4,5.7,4.3,4.8
831,2017-04-01,4.1,4.1,4.1,7.3,4.6,3.6,3.1,6.9,6.3,5.9,3.9,2.6,8.9,2.3,4.1,2.2,4.7,6.1,3.5,1.8,4.9,5.3,4.2,3.4,5.1,3.5,4.2
832,2017-05-01,4.1,4.2,4.0,7.4,4.7,3.5,3.5,6.0,5.3,6.3,3.2,2.8,6.1,2.3,4.7,1.8,2.5,5.6,3.6,2.0,4.1,5.0,4.5,3.0,5.4,4.2,4.7
833,2017-06-01,4.5,4.7,4.4,7.2,4.9,4.0,3.8,5.9,4.5,6.1,3.4,3.1,7.0,2.5,4.8,1.9,2.6,4.9,3.8,2.6,4.1,5.4,4.8,2.8,5.3,3.6,5.0
834,2017-07-01,4.6,4.9,4.3,7.8,5.3,4.0,4.0,5.0,4.9,4.9,4.0,3.5,7.6,2.3,4.3,1.9,4.5,5.2,4.0,3.3,4.0,5.7,4.2,3.2,5.1,3.9,4.8
835,2017-08-01,4.5,4.8,4.3,7.9,5.2,3.9,4.0,4.3,4.7,5.2,3.9,3.8,5.7,2.5,5.1,2.4,4.5,5.1,3.9,3.1,4.5,5.5,4.2,3.3,5.3,4.6,4.6
836,2017-09-01,4.1,4.2,4.0,6.8,4.8,3.6,3.5,6.7,4.7,5.0,3.8,3.4,8.3,2.5,5.1,2.5,3.0,5.0,4.3,2.3,4.1,4.6,3.7,3.1,4.9,4.1,4.1
837,2017-10-01,3.9,3.8,3.9,7.5,4.6,3.3,2.9,4.3,4.5,5.8,3.2,2.9,5.2,2.2,3.9,1.9,4.8,4.8,3.8,2.2,4.1,4.4,4.0,3.1,5.1,4.1,4.2
838,2017-11-01,3.9,3.8,4.0,7.1,4.7,3.4,3.0,7.2,5.0,6.6,2.6,2.5,7.4,2.1,5.2,1.9,2.4,5.1,3.7,2.0,4.0,4.6,4.1,3.2,4.9,3.7,4.2
839,2017-12-01,3.9,3.7,4.2,6.3,4.9,3.6,2.4,11.9,5.9,6.2,3.3,3.0,15.0,1.5,3.8,2.0,5.1,6.3,3.5,2.1,4.2,4.7,3.8,2.9,5.2,3.0,4.1
840,2018-01-01,4.5,4.2,4.8,8.0,5.8,3.9,3.1,10.0,7.3,6.8,3.4,2.7,13.2,2.2,5.3,2.0,4.1,7.1,4.0,2.3,5.0,5.7,4.6,3.5,5.9,3.5,5.3
841,2018-02-01,4.4,4.1,4.6,7.0,5.3,4.0,3.0,9.6,7.8,6.8,3.6,2.5,12.5,2.2,3.2,2.0,6.6,7.2,4.4,2.0,4.8,5.3,4.5,3.6,5.4,3.7,5.3
842,2018-03-01,4.1,3.8,4.4,6.8,5.2,3.6,3.0,9.7,7.4,5.8,3.3,2.6,12.1,1.8,4.1,2.0,6.9,6.7,3.8,2.1,4.2,4.8,4.5,3.3,5.2,3.6,4.8
843,2018-04-01,3.7,3.4,3.9,6.0,4.3,3.3,2.7,9.0,6.5,5.2,3.3,2.3,11.6,1.6,2.3,1.8,4.7,6.2,3.2,1.8,3.5,4.4,4.1,2.9,4.4,3.0,4.2
844,2018-05-01,3.6,3.4,3.7,5.7,4.4,3.2,2.0,5.8,4.4,4.9,3.4,2.3,8.0,1.7,3.5,1.7,3.0,4.6,3.3,1.7,4.0,4.6,4.2,2.3,4.3,3.2,4.5
845,2018-06-01,4.2,4.2,4.1,6.6,4.6,3.7,3.4,7.2,4.7,5.7,3.1,3.2,9.0,2.1,4.6,2.1,2.9,4.8,3.2,2.8,3.3,4.4,4.4,3.0,5.0,3.2,4.2
846,2018-07-01,4.1,4.5,3.8,7.0,4.6,3.6,3.3,5.9,3.4,5.2,3.8,3.2,7.0,2.3,4.2,1.9,3.4,3.8,4.1,2.8,3.6,4.4,4.0,2.5,5.1,3.6,4.1
847,2018-08-01,3.9,4.3,3.7,6.5,4.7,3.5,3.0,7.2,3.4,5.8,3.2,3.1,7.3,2.7,3.5,2.0,1.9,3.8,4.1,2.9,3.5,4.5,3.5,3.0,4.6,3.4,4.3
848,2018-09-01,3.6,3.6,3.5,5.8,4.3,3.1,3.5,4.1,4.1,5.4,3.5,2.8,4.2,2.7,2.3,2.1,1.7,3.8,3.2,2.0,3.2,4.3,4.0,2.5,4.3,2.6,4.0
849,2018-10-01,3.5,3.6,3.5,6.3,4.1,3.1,3.1,4.1,3.6,5.4,3.2,2.7,5.0,2.0,3.2,2.0,1.7,3.6,3.4,1.9,4.0,4.6,3.6,2.6,4.5,3.1,3.9
850,2018-11-01,3.5,3.5,3.4,5.8,4.4,3.1,2.7,6.7,3.9,5.3,2.9,2.3,9.8,2.1,3.8,2.1,1.9,4.4,3.3,2.1,3.6,3.7,3.7,2.1,4.1,3.7,3.9
851,2018-12-01,3.7,3.4,4.0,6.2,4.3,3.3,3.1,8.6,5.1,6.0,2.8,2.1,11.1,2.4,3.9,2.2,2.6,5.6,3.5,2.1,4.3,3.9,3.6,2.5,4.7,3.9,3.7
852,2019-01-01,4.4,4.1,4.7,7.4,5.6,4.0,3.2,14.1,6.4,6.4,3.3,2.6,18.6,2.4,4.7,2.5,5.3,7.0,4.2,2.4,4.9,4.6,4.5,3.7,5.5,3.6,4.8
853,2019-02-01,4.1,3.8,4.4,7.3,4.8,3.5,3.2,11.1,6.2,5.8,2.9,2.5,14.3,2.6,4.1,2.1,3.6,6.3,3.5,2.0,4.3,4.5,5.0,3.4,5.3,4.1,5.0
854,2019-03-01,3.9,3.5,4.3,6.7,4.9,3.5,3.0,11.5,5.2,5.8,2.9,2.3,15.5,2.8,4.0,2.0,3.6,5.6,3.5,1.9,3.9,4.5,4.6,3.8,5.2,3.6,4.7
855,2019-04-01,3.3,3.1,3.6,6.2,3.7,2.9,2.1,7.3,4.7,4.5,3.0,2.1,10.5,2.1,3.5,1.4,2.4,4.9,3.4,1.8,3.5,3.9,3.9,2.2,4.0,3.4,4.3
856,2019-05-01,3.4,3.3,3.4,5.9,3.7,3.0,2.3,5.4,3.2,5.0,2.3,2.4,6.6,1.7,3.0,1.5,5.0,3.8,4.0,1.8,3.4,4.1,3.6,2.0,4.0,4.1,4.2
857,2019-06-01,3.8,4.0,3.7,6.1,4.4,3.5,2.3,5.9,4.0,4.9,2.8,3.0,7.5,2.0,2.7,1.9,3.2,4.0,4.1,2.7,3.6,4.2,3.4,2.3,4.2,3.7,3.9
858,2019-07-01,4.0,4.3,3.7,6.3,4.7,3.6,3.0,4.4,3.8,5.3,3.0,3.1,4.8,1.7,3.9,1.8,2.3,4.2,4.1,2.9,3.4,4.6,3.2,2.1,4.5,3.7,3.9
859,2019-08-01,3.8,4.1,3.5,5.5,4.2,3.5,2.9,3.8,3.6,5.0,3.2,2.7,4.3,2.1,4.7,1.9,1.1,4.0,3.9,2.6,3.2,4.9,3.8,2.8,4.1,4.2,4.1
860,2019-09-01,3.3,3.4,3.3,5.1,3.6,3.1,2.4,4.0,3.2,4.8,3.4,2.2,5.2,1.9,4.4,1.6,1.7,3.3,3.1,2.1,3.2,4.3,3.6,2.6,3.8,3.2,3.4
861,2019-10-01,3.3,3.3,3.3,5.5,3.8,3.0,2.8,3.6,4.0,5.3,3.1,2.2,4.7,2.0,3.3,1.7,2.8,3.6,3.1,1.8,3.5,4.1,3.4,2.1,4.4,2.6,3.6
862,2019-11-01,3.3,3.3,3.3,5.2,4.1,3.0,2.6,7.7,4.4,4.9,2.7,2.3,11.1,2.1,1.6,1.6,3.2,4.3,3.1,1.9,3.6,4.1,3.3,2.1,4.1,3.0,3.4
863,2019-12-01,3.4,3.2,3.5,5.6,4.1,3.0,2.4,9.6,5.0,5.0,2.7,2.4,10.0,2.3,1.9,1.9,3.8,5.2,2.9,1.7,3.1,4.3,3.3,2.7,4.3,2.6,3.6
864,2020-01-01,4.0,3.7,4.2,6.6,5.1,3.5,3.2,12.5,5.4,5.9,3.4,2.4,16.3,2.5,2.3,2.3,1.9,6.3,3.5,2.1,4.1,4.8,4.5,3.6,4.7,3.0,4.7
865,2020-02-01,3.8,3.4,4.1,6.3,4.8,3.4,2.5,11.0,5.5,5.7,3.9,2.4,13.8,1.7,2.6,1.8,5.0,6.0,3.3,1.8,4.4,5.3,4.2,3.2,4.6,3.5,4.2
866,2020-03-01,4.5,4.2,4.8,7.0,6.3,4.1,4.1,8.3,6.9,8.1,4.1,3.1,10.6,2.2,1.8,2.2,6.2,6.6,3.6,2.6,4.7,6.4,4.3,3.4,6.3,5.1,5.0
867,2020-04-01,14.4,15.7,13.3,16.4,18.5,13.8,14.3,9.6,16.6,39.3,13.2,10.9,12.4,5.4,11.0,6.2,10.2,16.3,12.7,8.8,9.8,18.2,17.1,9.7,27.2,13.6,17.1
868,2020-05-01,13.0,14.3,11.9,16.6,17.2,12.1,14.8,6.5,12.7,35.9,11.6,10.1,8.3,5.7,10.9,5.1,8.4,13.2,11.8,7.7,9.0,17.1,16.2,9.4,23.6,14.2,15.1
869,2020-06-01,11.2,12.0,10.5,15.5,14.5,10.2,13.9,5.4,10.1,28.9,9.1,8.6,7.4,5.1,12.0,4.8,17.8,10.6,10.5,7.7,8.6,13.2,13.3,8.1,18.7,12.9,11.2
870,2020-07-01,10.5,11.3,9.7,15.0,13.0,9.4,12.2,5.7,8.9,25.0,8.6,8.0,7.3,4.7,12.3,5.1,15.6,9.2,9.8,7.6,7.6,13.7,10.9,7.8,16.2,13.8,9.7
871,2020-08-01,8.5,9.1,8.0,13.1,10.5,7.5,10.7,5.6,7.6,21.3,6.7,6.3,7.3,4.2,8.6,4.7,12.4,7.9,7.1,6.1,7.2,11.1,8.6,6.8,13.4,11.3,8.3
872,2020-09-01,7.7,8.0,7.3,11.5,10.0,6.8,8.8,5.0,7.1,19.0,6.2,5.1,5.9,4.4,8.6,4.8,14.9,7.0,7.3,4.3,6.7,9.7,8.9,6.7,12.0,9.8,7.8
873,2020-10-01,6.6,6.5,6.6,10.6,8.5,5.7,7.5,6.3,6.8,16.3,5.2,4.2,6.1,3.8,5.8,4.3,13.8,6.6,6.1,3.3,6.1,8.5,7.0,6.1,10.4,7.9,6.5
874,2020-11-01,6.4,6.1,6.6,9.8,8.3,5.7,6.7,8.4,7.3,15.0,4.7,3.7,10.4,3.5,8.2,3.9,19.2,7.4,5.8,3.5,5.9,8.2,6.3,5.9,9.8,8.0,6.0
875,2020-12-01,6.5,6.3,6.7,9.3,9.2,5.9,5.8,11.0,9.6,16.7,4.3,4.1,14.8,3.1,6.4,3.6,13.1,9.9,6.1,3.2,6.1,7.8,5.3,6.7,11.2,8.4,5.5
876,2021-01-01,6.8,6.5,7.1,9.8,9.4,6.2,6.8,9.4,9.4,15.9,4.7,4.3,12.4,3.4,7.4,3.8,14.2,9.7,5.7,3.5,6.8,8.0,6.6,6.2,11.4,8.2,6.9
877,2021-02-01,6.6,6.1,7.0,10.2,9.0,5.9,5.1,10.5,9.6,13.5,4.8,3.7,12.3,3.7,6.2,3.5,19.3,9.7,5.9,3.1,6.8,8.5,6.6,6.5,10.3,8.4,6.8
878,2021-03-01,6.2,5.8,6.5,9.9,8.2,5.5,5.9,7.3,8.6,13.0,5.2,3.8,9.4,3.4,6.6,3.4,15.0,7.6,5.9,2.9,6.7,8.7,6.3,4.4,9.8,8.3,6.7
879,2021-04-01,5.7,5.4,6.0,9.4,7.5,5.0,5.6,8.9,7.7,10.8,5.8,3.4,10.5,2.7,5.9,3.1,14.3,8.0,5.0,3.0,5.9,8.1,6.3,5.6,8.0,6.8,6.2
880,2021-05-01,5.5,5.2,5.7,8.8,6.8,4.8,5.5,8.4,6.7,10.1,4.8,3.4,8.6,3.0,5.8,2.9,9.6,6.6,5.2,2.8,5.4,7.9,6.4,5.3,7.6,7.2,6.6
881,2021-06-01,6.1,6.1,6.1,9.4,7.3,5.4,5.9,7.5,7.5,10.9,5.4,4.4,8.6,3.4,6.1,3.0,10.3,7.1,6.2,3.8,5.2,7.9,6.0,5.9,7.9,6.0,6.2
882,2021-07-01,5.7,5.8,5.5,8.7,6.6,5.0,5.5,7.6,6.1,9.0,4.2,4.4,9.3,3.0,5.6,2.6,8.9,6.2,5.2,3.9,5.1,7.4,6.0,4.9,7.4,6.8,6.0
